Page_URL,Downloads,day
open.canada.ca/data/en/dataset/90fed587-1364-4f33-a9ee-208181dc0b97,73.0,"Feb 1, 2026"
open.canada.ca/data/en/dataset/29892c85-2ff5-484c-873c-f494ffba6e1b/resource/11dd43d4-0c5c-4a2e-b066-e875ebc319b4,38.0,"Feb 1, 2026"
open.canada.ca/data/en/dataset/dfa4daf1-669e-4514-82cd-982f27707ed0,35.0,"Feb 1, 2026"
open.canada.ca/data/en/dataset/90fed587-1364-4f33-a9ee-208181dc0b97/resource/3b7a821b-becc-4d96-9e39-0c2849f90c50,30.0,"Feb 1, 2026"
open.canada.ca/data/en/dataset/2c30e366-ef2b-400e-8363-0b13e4a7b6f4,19.0,"Feb 1, 2026"
open.canada.ca/data/en/dataset/dfa4daf1-669e-4514-82cd-982f27707ed0/resource/5d87eeb6-5305-4a0e-bc1d-fdf96e691749,19.0,"Feb 1, 2026"
open.canada.ca/data/en/dataset/90fed587-1364-4f33-a9ee-208181dc0b97/resource/dc061c7d-5d56-450d-8060-4bfc0ed6f0b3,18.0,"Feb 1, 2026"
open.canada.ca/data/en/dataset/f82f66f2-a22b-4511-bccf-e1d74db39ae5,15.0,"Feb 1, 2026"
open.canada.ca/data/en/dataset/dfa4daf1-669e-4514-82cd-982f27707ed0/resource/5efa3920-83f6-4108-bb51-db2456e7b37c,14.0,"Feb 1, 2026"
open.canada.ca/data/en/dataset/dfa4daf1-669e-4514-82cd-982f27707ed0/resource/bdc68e9a-9e15-40eb-b1f2-05afc48a828a,14.0,"Feb 1, 2026"
open.canada.ca/data/en/dataset/4dab5b98-b97b-7ba7-9c23-b3eaf8e8d762,14.0,"Feb 1, 2026"
open.canada.ca/data/en/dataset/dfa4daf1-669e-4514-82cd-982f27707ed0/resource/a2f5faf4-07fe-4a3c-9bd3-62bbf11a426f,12.0,"Feb 1, 2026"
open.canada.ca/data/en/dataset/8c387c19-9411-c58c-89d3-9e222ea3f50a,12.0,"Feb 1, 2026"
open.canada.ca/data/en/dataset/e8745429-21e7-4a73-b3f5-90a779b78d1e,12.0,"Feb 1, 2026"
open.canada.ca/data/en/dataset/b27ec3ef-7338-4e76-a6fd-128339a92df5,11.0,"Feb 1, 2026"
open.canada.ca/data/en/dataset/dfa4daf1-669e-4514-82cd-982f27707ed0/resource/a5fec3bd-e1e4-4a98-bf0d-1b0e8735ec7a,11.0,"Feb 1, 2026"
open.canada.ca/data/en/dataset/29892c85-2ff5-484c-873c-f494ffba6e1b,11.0,"Feb 1, 2026"
open.canada.ca/data/en/dataset/094c9b54-a1ca-4aad-935e-2541e5a23b3f/resource/79a9f33d-bfb3-400c-8652-d30741fcc5c5,10.0,"Feb 1, 2026"
open.canada.ca/data/en/dataset/c1b0f627-8c29-427c-ab73-33968ad9176e,9.0,"Feb 1, 2026"
open.canada.ca/data/en/dataset/c7413d9f-112e-4a26-bbd1-ae2711856629,9.0,"Feb 1, 2026"
open.canada.ca/data/en/dataset/adad580f-76b0-4502-bd05-20c125de9116,8.0,"Feb 1, 2026"
open.canada.ca/data/en/dataset/4eee1558-45b7-4484-9336-e692897d393f/resource/5d329365-852c-4f5a-a3af-2d597fa3e0a4,8.0,"Feb 1, 2026"
ouvert.canada.ca/data/fr/dataset/dfa4daf1-669e-4514-82cd-982f27707ed0,8.0,"Feb 1, 2026"
open.canada.ca/data/en/dataset/90115b00-f9b8-49e8-afa3-b4cff8facaee/resource/b505b9bc-d375-4525-af39-afdf25639acf,8.0,"Feb 1, 2026"
open.canada.ca/data/en/dataset/4eee1558-45b7-4484-9336-e692897d393f,7.0,"Feb 1, 2026"
ouvert.canada.ca/data/fr/dataset/dfa4daf1-669e-4514-82cd-982f27707ed0/resource/a2f5faf4-07fe-4a3c-9bd3-62bbf11a426f,6.0,"Feb 1, 2026"
open.canada.ca/data/en/dataset/4eee1558-45b7-4484-9336-e692897d393f/resource/5455750e-a079-4bf8-828b-09e2337eb29b,6.0,"Feb 1, 2026"
open.canada.ca/data/en/dataset/dfa4daf1-669e-4514-82cd-982f27707ed0/resource/0a7918f0-6e8a-433b-9ea2-60e2b8674cb5,6.0,"Feb 1, 2026"
open.canada.ca/data/en/dataset/c7413d9f-112e-4a26-bbd1-ae2711856629/resource/7a238b1a-9a7e-4383-b068-4ecce7daad45,6.0,"Feb 1, 2026"
open.canada.ca/data/en/dataset/f7e5498e-0ad8-4417-85c9-9b8aff9b9eda/resource/d1c1f4f3-2d7f-4e02-9a79-7af98209c2f3,6.0,"Feb 1, 2026"
ouvert.canada.ca/data/fr/dataset/dfa4daf1-669e-4514-82cd-982f27707ed0/resource/5d87eeb6-5305-4a0e-bc1d-fdf96e691749,6.0,"Feb 1, 2026"
open.canada.ca/data/en/dataset/90fed587-1364-4f33-a9ee-208181dc0b97/resource/fbfda891-5327-4e01-927e-0e0dd580d304,5.0,"Feb 1, 2026"
open.canada.ca/data/en/dataset/90115b00-f9b8-49e8-afa3-b4cff8facaee,5.0,"Feb 1, 2026"
open.canada.ca/data/en/dataset/897e92f5-8b08-42bd-9766-0852be02e4ff/resource/76bb9de6-6790-4a68-9776-8ad80679b8f7,5.0,"Feb 1, 2026"
open.canada.ca/data/en/dataset/ceb1ab5a-7d7c-4491-a2f7-560c47c4e22f/resource/648f0b3b-8d21-4373-94b4-72847dbf79a1,5.0,"Feb 1, 2026"
open.canada.ca/data/en/dataset/4cc207cc-ff03-44f8-8c5f-415af5224646,5.0,"Feb 1, 2026"
open.canada.ca/data/en/dataset/360024f2-17e9-4558-bfc1-3616485d65b9,4.0,"Feb 1, 2026"
open.canada.ca/data/en/dataset/7a0d6a5d-04a8-41fa-accb-28c400e99680/resource/4dab67fb-ca5e-481f-a3c5-0399ea1ce150,4.0,"Feb 1, 2026"
open.canada.ca/data/en/dataset/9d8f219c-4df0-4481-926f-8a2a532ca003,4.0,"Feb 1, 2026"
open.canada.ca/data/en/dataset/bef2ebb3-ca9a-485f-aaff-5dc36eb89426,4.0,"Feb 1, 2026"
open.canada.ca/data/en/dataset/4dab5b98-b97b-7ba7-9c23-b3eaf8e8d762/resource/05e184a0-061b-4913-b98f-05e5e063eebc,4.0,"Feb 1, 2026"
open.canada.ca/data/en/dataset/1358284b-26e7-4c69-abd8-398d3da2c270/resource/3fad4402-bc32-4b0e-a83d-d39da4d59670,4.0,"Feb 1, 2026"
open.canada.ca/data/en/dataset/dfa4daf1-669e-4514-82cd-982f27707ed0/resource/b4e1258c-2a72-4c64-b202-d0ab6aa2d21a,4.0,"Feb 1, 2026"
open.canada.ca/data/en/dataset/b9ead11c-fef5-262a-6934-282df6515121/resource/b8a6c80d-35c1-4268-a63e-e8deef7b7725,4.0,"Feb 1, 2026"
open.canada.ca/data/en/dataset/1eb9eba7-71d1-4b30-9fb1-30cbdab7e63a,4.0,"Feb 1, 2026"
open.canada.ca/data/en/dataset/8c387c19-9411-c58c-89d3-9e222ea3f50a/resource/8fe1ddb2-1adc-4521-a353-2303437bcaa6,4.0,"Feb 1, 2026"
open.canada.ca/data/en/dataset/e8a3fc19-6016-4c90-a5c0-eb35233d708e/resource/f6adc550-4045-4485-9a65-e13038357aae,4.0,"Feb 1, 2026"
open.canada.ca/data/en/dataset/69c68f22-8a2a-43d1-8f4e-4017e3ffebba/resource/1ffc4a5e-e41b-48c7-929e-633d023ef8dc,4.0,"Feb 1, 2026"
open.canada.ca/data/en/dataset/eb4c585c-6ada-4de7-8ff1-e876fb1a6b0b/resource/fbe9c4b5-80a4-4d79-8da6-417064a6ac78,3.0,"Feb 1, 2026"
open.canada.ca/data/en/dataset/f10aaa2f-69c6-41f2-a2a4-90447393130d,3.0,"Feb 1, 2026"
open.canada.ca/data/en/dataset/18752265-bda3-498c-a4ba-9dfe68cb98da/resource/b18394b9-764a-4e32-ad51-f04535f75c5d,3.0,"Feb 1, 2026"
open.canada.ca/data/en/dataset/4a92ffeb-d922-50ae-823b-81bb10331035/resource/c8cc28b3-1431-4f5e-a09b-42e6730f2c7b,3.0,"Feb 1, 2026"
open.canada.ca/data/en/dataset/197260f1-b5dc-4f53-a036-2541cff379eb,3.0,"Feb 1, 2026"
open.canada.ca/data/en/dataset/90fed587-1364-4f33-a9ee-208181dc0b97/resource/f995383c-800e-46dd-92fa-a06ec7a9a706,3.0,"Feb 1, 2026"
open.canada.ca/data/en/dataset/60236652-5aa7-4452-b2e1-7f96197e927a,3.0,"Feb 1, 2026"
open.canada.ca/data/en/dataset/18752265-bda3-498c-a4ba-9dfe68cb98da,3.0,"Feb 1, 2026"
open.canada.ca/data/en/dataset/53377276-6db5-5ad6-82e6-dc9b7c70a321,3.0,"Feb 1, 2026"
open.canada.ca/data/en/dataset/4dab5b98-b97b-7ba7-9c23-b3eaf8e8d762/resource/b23c041b-70d3-484d-8e81-f23ab59230d5,3.0,"Feb 1, 2026"
open.canada.ca/data/en/dataset/e547539b-7fc6-4879-be54-3d1f80ac9e9e/resource/9d79e08c-748b-43e9-965c-f45fd0e9b1a5,3.0,"Feb 1, 2026"
ouvert.canada.ca/data/fr/dataset/69c68f22-8a2a-43d1-8f4e-4017e3ffebba/resource/0dec8c73-fe1c-4adc-9f1c-e51b0e4a63b2,3.0,"Feb 1, 2026"
open.canada.ca/data/en/dataset/7f245e4d-76c2-4caa-951a-45d1d2051333,3.0,"Feb 1, 2026"
open.canada.ca/data/en/dataset/a1e5fa53-2a93-4c5e-89a3-6cbfd9bec199,3.0,"Feb 1, 2026"
open.canada.ca/data/en/dataset/742b4dcb-b834-46c9-93b7-6878bb0ae295/resource/a56fc93a-c40c-458f-8e30-f4156cb6fc33,3.0,"Feb 1, 2026"
open.canada.ca/data/en/dataset/957782bf-847c-4644-a757-e383c0057995,3.0,"Feb 1, 2026"
open.canada.ca/data/en/dataset/fa349b87-f7af-1b65-2aa3-f1dffa7b6e3c,3.0,"Feb 1, 2026"
open.canada.ca/data/en/dataset/7a0d6a5d-04a8-41fa-accb-28c400e99680/resource/70da1255-7782-41fa-a5d2-6463cccf8dc9,3.0,"Feb 1, 2026"
open.canada.ca/data/en/dataset/adad580f-76b0-4502-bd05-20c125de9116/resource/9da94d63-b178-4a64-aeb3-b6a3bd721ad2,3.0,"Feb 1, 2026"
open.canada.ca/data/en/dataset/b27ec3ef-7338-4e76-a6fd-128339a92df5/resource/945045fa-2de0-47d4-aad2-144d69467824,3.0,"Feb 1, 2026"
open.canada.ca/data/en/dataset/05b3abd0-e70f-4b3b-a9c5-acc436bd15b6,3.0,"Feb 1, 2026"
open.canada.ca/data/en/dataset/a883eb14-0c0e-45c4-b8c4-b54c4a819edb,3.0,"Feb 1, 2026"
open.canada.ca/data/en/dataset/98f1a129-f628-4ce4-b24d-6f16bf24dd64,3.0,"Feb 1, 2026"
open.canada.ca/data/en/dataset/f5c8a5a0-354d-455a-99ab-8276aa38032e/resource/e5dcaf48-87d6-4ce1-b17a-35607916b640,3.0,"Feb 1, 2026"
open.canada.ca/data/en/dataset/e8a3fc19-6016-4c90-a5c0-eb35233d708e/resource/ea3290a4-0bbd-4ef9-b00d-077e54bb367e,3.0,"Feb 1, 2026"
open.canada.ca/data/en/dataset/d0f54727-6c0b-4e5a-aa04-ea1463cf9f4c,3.0,"Feb 1, 2026"
open.canada.ca/data/en/dataset/f7e5498e-0ad8-4417-85c9-9b8aff9b9eda,3.0,"Feb 1, 2026"
open.canada.ca/data/en/dataset/dfa4daf1-669e-4514-82cd-982f27707ed0/resource/fc52e37f-1520-47d1-bff6-5925deb6974f,3.0,"Feb 1, 2026"
ouvert.canada.ca/data/fr/dataset/dfa4daf1-669e-4514-82cd-982f27707ed0/resource/a5fec3bd-e1e4-4a98-bf0d-1b0e8735ec7a,3.0,"Feb 1, 2026"
open.canada.ca/data/en/dataset/4a92ffeb-d922-50ae-823b-81bb10331035/resource/4010beb6-cbd3-4d8c-8a5c-a47f24ba6923,3.0,"Feb 1, 2026"
open.canada.ca/data/en/dataset/d4541afe-9391-44bf-a78f-dae3c9cf1217,3.0,"Feb 1, 2026"
open.canada.ca/data/en/dataset/ef0c4387-38ce-4adc-b761-f0506b82564e,2.0,"Feb 1, 2026"
open.canada.ca/data/en/dataset/17946cf3-18ad-45be-bb93-600200c8b62f/resource/2d5f7456-1a98-4de2-a1a6-92d16a27062c,2.0,"Feb 1, 2026"
open.canada.ca/data/en/dataset/bf00b7f4-e370-46b7-94e4-0bdedc98531b,2.0,"Feb 1, 2026"
open.canada.ca/data/en/dataset/2916fad5-ebcc-4c86-b0f3-4f619b29f412/resource/15eeafa2-c331-44e7-b37f-d0d54a51d2eb,2.0,"Feb 1, 2026"
open.canada.ca/data/en/dataset/67bedee8-beb0-4b3a-a1c6-24a4cda08afe/resource/b857e7a0-18e5-46e3-9710-3e6de2abbfd6,2.0,"Feb 1, 2026"
open.canada.ca/data/en/dataset/26c57e53-2646-491b-b385-5813b23d8a96/resource/fa89f3d6-e8ae-4a53-92d1-19d8899f2697,2.0,"Feb 1, 2026"
open.canada.ca/data/en/dataset/f358a53b-ffde-4830-a325-a5a03ff672c3/resource/9197b439-8abf-4e7a-9327-0a45b818e93c,2.0,"Feb 1, 2026"
ouvert.canada.ca/data/fr/dataset/dfa4daf1-669e-4514-82cd-982f27707ed0/resource/f015e958-829b-44bb-b201-641584b818dd,2.0,"Feb 1, 2026"
open.canada.ca/data/en/dataset/90fed587-1364-4f33-a9ee-208181dc0b97/resource/56aba012-5b4a-4628-8398-b0d433a6d08f,2.0,"Feb 1, 2026"
open.canada.ca/data/en/dataset/13564ca4-e330-40a5-9521-bfb1be767147,2.0,"Feb 1, 2026"
open.canada.ca/data/en/dataset/b6cbcf4d-f763-4924-a2fb-8cc4a06e3de4,2.0,"Feb 1, 2026"
open.canada.ca/data/en/dataset/8e8f3aa7-2469-4697-932b-18c6f0b81488/resource/29631072-47fe-4141-8be4-970e2ee1197d,2.0,"Feb 1, 2026"
open.canada.ca/data/en/dataset/38ddc983-1bf0-4bee-ad18-07dac8cfe884/resource/24cb8340-0bd0-44b4-a8d1-b208296b2fc6,2.0,"Feb 1, 2026"
search.open.canada.ca/grants/download/1c834193-b0f0-471b-9d67-92a1c889629d,2.0,"Feb 1, 2026"
open.canada.ca/data/en/dataset/6abd20d4-7a1c-4b38-baa2-9525d0bb2fd2,2.0,"Feb 1, 2026"
open.canada.ca/data/en/dataset/1358284b-26e7-4c69-abd8-398d3da2c270/resource/c2af08e5-919c-4b94-a326-45c031b9a3e5,2.0,"Feb 1, 2026"
open.canada.ca/data/en/dataset/897e92f5-8b08-42bd-9766-0852be02e4ff,2.0,"Feb 1, 2026"
open.canada.ca/data/en/dataset/1c949987-310c-4bd8-adaa-a9268332e4c0/resource/05f5148b-5858-48e8-a73f-0fbd1066fc6d,2.0,"Feb 1, 2026"
open.canada.ca/data/en/dataset/6920fb32-a36b-43f9-b3da-34532a512418,2.0,"Feb 1, 2026"
open.canada.ca/data/en/dataset/448ec403-6635-456b-8ced-d3ac24143add,2.0,"Feb 1, 2026"
open.canada.ca/data/en/dataset/0bf04c4e-d2b0-4188-9053-08dc4a7a2b03/resource/a179b80b-ec46-3262-8390-26bb3d0d8f38,2.0,"Feb 1, 2026"
open.canada.ca/data/en/dataset/055919c2-101e-4329-bfd7-1d0c333c0e62,2.0,"Feb 1, 2026"
open.canada.ca/data/en/dataset/90115b00-f9b8-49e8-afa3-b4cff8facaee/resource/3897ef92-a491-4bab-b9c0-eb94c8b173ad,2.0,"Feb 1, 2026"
open.canada.ca/data/en/dataset/dbc3fc05-ba53-43af-8170-496f22941fc5/resource/67e6582e-3351-4321-bd1e-436a1b0ee28a,2.0,"Feb 1, 2026"
open.canada.ca/data/en/dataset/6a09c998-cddb-4a22-beff-4dca67ab892f/resource/ec49223e-d746-4171-a97b-12fcc79d360f,2.0,"Feb 1, 2026"
open.canada.ca/data/en/dataset/897e92f5-8b08-42bd-9766-0852be02e4ff/resource/162be2f7-d332-426e-871c-d9562c0de43d,2.0,"Feb 1, 2026"
open.canada.ca/data/en/dataset/17946cf3-18ad-45be-bb93-600200c8b62f,2.0,"Feb 1, 2026"
open.canada.ca/data/en/dataset/3c4a58b9-47e7-4031-b977-b705e98882b6/resource/f29d637b-05df-43b3-b0d7-81ce9c2f964a,2.0,"Feb 1, 2026"
open.canada.ca/data/en/dataset/dfa4daf1-669e-4514-82cd-982f27707ed0/resource/89b0fa2c-af49-4fb5-a74c-1cf2268fb521,2.0,"Feb 1, 2026"
open.canada.ca/data/en/dataset/eaa1ff9c-a07c-4292-911c-612f39d81afb/resource/00d4c87a-5116-483f-8d99-66a263689940,2.0,"Feb 1, 2026"
open.canada.ca/data/en/dataset/29122e72-5762-25f0-732f-c6377f11763f/resource/316c9231-6808-4318-862b-ae3696705410,2.0,"Feb 1, 2026"
ouvert.canada.ca/data/dataset/94123115-97c6-4049-a500-6800d4de1ad7/resource/c190894e-0b59-4ff0-8f1e-cec5c404e172,2.0,"Feb 1, 2026"
open.canada.ca/data/en/dataset/d4541afe-9391-44bf-a78f-dae3c9cf1217/resource/2bdcd1b5-ac74-4272-95c5-2b15248e7337,2.0,"Feb 1, 2026"
ouvert.canada.ca/data/dataset/1bcb7bcb-264c-47c2-a305-9cd927caac43/resource/1c7c4066-6348-4607-bd06-530578e89946,2.0,"Feb 1, 2026"
open.canada.ca/data/en/dataset/c1a624a7-fbd4-4bc8-8e65-41b294443123,2.0,"Feb 1, 2026"
open.canada.ca/data/en/dataset/08e4f3fc-b172-486e-2988-9d6fabeab0a0/resource/2d84c0ef-8592-49be-a735-5f73c1bb5c95,2.0,"Feb 1, 2026"
open.canada.ca/data/en/dataset/9e63fd96-65d0-4e5e-817f-c400280cb319,2.0,"Feb 1, 2026"
open.canada.ca/data/en/dataset/ff1e4882-685c-4518-b741-c3cf9bb74c3e/resource/51adb987-fecd-4890-9ac9-a184a9462b6e,2.0,"Feb 1, 2026"
open.canada.ca/data/en/dataset/4be5f92b-8546-4e76-ad98-bcf9d4b8aeed,2.0,"Feb 1, 2026"
open.canada.ca/data/en/dataset/c4c5c7f1-bfa6-4ff6-b4a0-c164cb2060f7/resource/b8931c16-0710-4c31-bbda-f60841e98cb4,2.0,"Feb 1, 2026"
open.canada.ca/data/en/dataset/a1acb126-9ce8-40a9-b889-5da2b1dd20cb/resource/f3242008-1df3-42ff-9a7a-decf80a33aa8,2.0,"Feb 1, 2026"
open.canada.ca/data/en/dataset/809e4442-983a-4943-a2a0-382ba39c227a,2.0,"Feb 1, 2026"
open.canada.ca/data/dataset/e279cd18-fae8-43c5-838c-d7d396fd69aa/resource/d0ed2b73-84aa-49fe-a89c-bf8559d1eb75,2.0,"Feb 1, 2026"
open.canada.ca/data/en/dataset/363fff31-6a07-41eb-9922-e9b64192b08b/resource/b1907000-d685-413d-b149-a26e4aeb04b0,2.0,"Feb 1, 2026"
open.canada.ca/data/en/dataset/d92224ee-03ef-4904-be53-b677d8e01ac4/resource/d7139461-4247-443f-87d0-f48b3a3c5ed6,2.0,"Feb 1, 2026"
open.canada.ca/data/en/dataset/9b34e712-513f-44e9-babf-9df4f7256550,2.0,"Feb 1, 2026"
open.canada.ca/data/en/dataset/f7e5498e-0ad8-4417-85c9-9b8aff9b9eda/resource/5582034d-8f89-49d5-8597-483d628078a1,2.0,"Feb 1, 2026"
open.canada.ca/data/en/dataset/51abb172-68e8-40f4-9b86-404545446bb7/resource/d05560b8-75dc-4f21-b94f-a6d5925ea8fc,2.0,"Feb 1, 2026"
open.canada.ca/data/en/dataset/d2d94471-e34b-482d-a0e1-895a09e2a6d2,2.0,"Feb 1, 2026"
open.canada.ca/data/en/dataset/29892c85-2ff5-484c-873c-f494ffba6e1b/resource/35e55b1b-892f-4fb2-83fd-843c7b1bffcb,2.0,"Feb 1, 2026"
open.canada.ca/data/en/dataset/055919c2-101e-4329-bfd7-1d0c333c0e62/resource/de8a365d-6326-4013-a661-7647e5996c55,2.0,"Feb 1, 2026"
open.canada.ca/data/en/dataset/bcc15e72-fe46-4215-8de0-33951662465e/resource/a4079cda-e3e2-4f51-b725-af0a8fe8d237,2.0,"Feb 1, 2026"
open.canada.ca/data/en/dataset/42c640e3-5d17-4dd5-b20c-5d0176aa7344/resource/9cc7f0ee-0725-4f41-ab58-7e3f7699b1b4,2.0,"Feb 1, 2026"
open.canada.ca/data/en/dataset/1257e5c1-243f-4ab8-be42-e7433c8ebe70,2.0,"Feb 1, 2026"
open.canada.ca/data/en/dataset/91497bca-d859-1f97-c7d1-0972b07fdc0b,2.0,"Feb 1, 2026"
open.canada.ca/data/en/dataset/7c70edb5-e518-4f28-ba0f-3f199682f608/resource/679fd67c-6282-4da1-91c6-62aa41f02b2f,2.0,"Feb 1, 2026"
open.canada.ca/data/en/dataset/beacd40e-6eb1-5628-b21e-e777dae2a4f1,2.0,"Feb 1, 2026"
open.canada.ca/data/en/dataset/cd722e22-376b-4b89-9bc2-7c7ab317ef6b/resource/f96a8378-d56b-4c49-a3bc-76c2789b28d0,2.0,"Feb 1, 2026"
ouvert.canada.ca/data/fr/dataset/b6567c5c-8339-4055-99fa-63f92114d9e4/resource/2c6a6dcd-e54d-4408-ab96-bd834d310999,2.0,"Feb 1, 2026"
open.canada.ca/data/en/dataset/a883eb14-0c0e-45c4-b8c4-b54c4a819edb/resource/12c03de6-c3f7-4f5f-bb5c-d479f2332842,2.0,"Feb 1, 2026"
open.canada.ca/data/en/dataset/90fed587-1364-4f33-a9ee-208181dc0b97/resource/049928ce-0e7f-480b-9983-f5fa46f612ae,2.0,"Feb 1, 2026"
open.canada.ca/data/en/dataset/98f1a129-f628-4ce4-b24d-6f16bf24dd64/resource/ec44c747-a640-4481-bcf0-a2ea7ca8f249,2.0,"Feb 1, 2026"
open.canada.ca/data/en/dataset/f7e5498e-0ad8-4417-85c9-9b8aff9b9eda/resource/81021dfd-c110-42cf-a975-1b9be8b82980,2.0,"Feb 1, 2026"
open.canada.ca/data/en/dataset/d0a662b3-da13-4787-b3be-5552c5bcef03,2.0,"Feb 1, 2026"
open.canada.ca/data/en/dataset/f0452f00-d705-5472-ac30-1e10800eb11d/resource/ca4e1110-545c-4d38-a54a-68608609c729,2.0,"Feb 1, 2026"
open.canada.ca/data/en/dataset/dfa4daf1-669e-4514-82cd-982f27707ed0/resource/f015e958-829b-44bb-b201-641584b818dd,2.0,"Feb 1, 2026"
open.canada.ca/data/en/dataset/742b4dcb-b834-46c9-93b7-6878bb0ae295,2.0,"Feb 1, 2026"
open.canada.ca/data/en/dataset/e8745429-21e7-4a73-b3f5-90a779b78d1e/resource/8097dc1a-986b-4851-99f1-965f1083f498,2.0,"Feb 1, 2026"
open.canada.ca/data/en/dataset/e8a3fc19-6016-4c90-a5c0-eb35233d708e,2.0,"Feb 1, 2026"
open.canada.ca/data/en/dataset/957782bf-847c-4644-a757-e383c0057995/resource/f0211f09-17f6-42ad-8bbf-7e509930da26,2.0,"Feb 1, 2026"
open.canada.ca/data/en/dataset/fdca683a-b58f-484b-9715-05cbd5eb2dd1/resource/440b3c5a-59f2-47d4-8f24-dd786fb381fe,2.0,"Feb 1, 2026"
open.canada.ca/data/en/dataset/90fed587-1364-4f33-a9ee-208181dc0b97/resource/651a5203-0ede-4d35-862e-e9f75ab35c4a,2.0,"Feb 1, 2026"
open.canada.ca/data/en/dataset/fefafa4a-ceb1-0109-5169-e5ac5e79979d,2.0,"Feb 1, 2026"
open.canada.ca/data/en/dataset/ba2645d5-4458-414d-b196-6303ac06c1c9,2.0,"Feb 1, 2026"
search.open.canada.ca/data/download/fac8754e-3205-48d9-8d71-7482a5e6edd7,2.0,"Feb 1, 2026"
open.canada.ca/data/en/dataset/96c80880-9229-59ec-b508-63b5c10cc35a,2.0,"Feb 1, 2026"
open.canada.ca/data/en/dataset/ee1580ab-a23d-4f86-a09b-79763677eb47,2.0,"Feb 1, 2026"
open.canada.ca/data/en/dataset/36a6d0aa-6718-4f04-a145-582951aefb7a/resource/798e7057-37db-4cac-9703-8d6417ea775c,2.0,"Feb 1, 2026"
open.canada.ca/data/en/dataset/b27ec3ef-7338-4e76-a6fd-128339a92df5/resource/2282e8c7-f949-454d-9c34-b6a78d94b162,2.0,"Feb 1, 2026"
open.canada.ca/data/en/dataset/4dab5b98-b97b-7ba7-9c23-b3eaf8e8d762/resource/42006fa6-5068-4dfe-ba63-037c0fe1fa65,2.0,"Feb 1, 2026"
ouvert.canada.ca/data/dataset/90fed587-1364-4f33-a9ee-208181dc0b97/resource/049928ce-0e7f-480b-9983-f5fa46f612ae,2.0,"Feb 1, 2026"
open.canada.ca/data/en/dataset/744d8a3b-b9e0-41b8-be5f-5f869a36a221,2.0,"Feb 1, 2026"
open.canada.ca/data/en/dataset/adad580f-76b0-4502-bd05-20c125de9116/resource/d16e10ea-77bf-4db8-bdb5-adc709e6cada,2.0,"Feb 1, 2026"
open.canada.ca/data/en/dataset/dae13a6b-4646-4d67-9c29-e9bf354d59be/resource/60bc421b-9e7a-405c-834e-6220eca8e852,2.0,"Feb 1, 2026"
open.canada.ca/data/en/dataset/dd2b0390-c77a-4c9f-b1bc-cb8d9f4a23c5,2.0,"Feb 1, 2026"
open.canada.ca/data/en/dataset/beee0771-dab9-4be8-9b80-f8e8b3fdfd9d/resource/3a17d7ad-e140-4d05-922d-9df82840f25e,2.0,"Feb 1, 2026"
open.canada.ca/data/en/dataset/8ec4a9df-b76b-4a67-8f93-cdbc2e040098,2.0,"Feb 1, 2026"
open.canada.ca/data/en/dataset/b6567c5c-8339-4055-99fa-63f92114d9e4,2.0,"Feb 1, 2026"
open.canada.ca/data/en/dataset/53e61c06-cf86-40d5-90b6-86b62d48c281,2.0,"Feb 1, 2026"
open.canada.ca/data/en/dataset/ac26807e-a1e8-49fa-87bf-451175a859b8/resource/1ceaa556-150b-44c7-ac05-4b66ac76bf51,2.0,"Feb 1, 2026"
open.canada.ca/data/en/dataset/bda8f884-5a24-1e35-b7ef-3d178d15ae3b/resource/6149f776-f6e4-4856-b53d-6febaed4e600,1.0,"Feb 1, 2026"
open.canada.ca/data/dataset/82281ece-69a6-11ed-be4e-1860247f53e3/resource/bca3e54e-fb0e-4777-a28d-23f9adb88cf1,1.0,"Feb 1, 2026"
open.canada.ca/data/en/dataset/1c1e4492-82ab-40dc-9c67-c2bccd98be4d,1.0,"Feb 1, 2026"
open.canada.ca/data/en/dataset/98f1a129-f628-4ce4-b24d-6f16bf24dd64/resource/b398f489-5052-4656-891c-5e68418d97a8,1.0,"Feb 1, 2026"
open.canada.ca/data/en/dataset/7f245e4d-76c2-4caa-951a-45d1d2051333/resource/9f07b66c-bf1d-4a20-b41a-d20074818acd,1.0,"Feb 1, 2026"
open.canada.ca/data/en/dataset/e338ea7c-33b9-4fa1-bb30-f11afccff3ad,1.0,"Feb 1, 2026"
open.canada.ca/data/en/dataset/e2c8aa2e-fe17-4bd5-92ce-1462460cc330,1.0,"Feb 1, 2026"
search.open.canada.ca/grants/download/6f311a71-a4a8-48fc-9ed1-00270a5fa8e0,1.0,"Feb 1, 2026"
open.canada.ca/data/en/dataset/4c6c515f-7c44-4bb6-ab56-c5f79f75f705,1.0,"Feb 1, 2026"
open.canada.ca/data/en/dataset/4ae27978-0931-49ab-9c17-0b119c0ba92f,1.0,"Feb 1, 2026"
open.canada.ca/data/en/dataset/691dd994-4911-433d-b3b6-00349ba9f24e/resource/9dc0fbee-1470-3cc9-9b56-0dcad29efd52,1.0,"Feb 1, 2026"
open.canada.ca/data/en/dataset/4fe645a1-ffcd-40c1-9385-2c771be956a4/resource/99833375-1d5a-401f-beaf-2cb76019e19d,1.0,"Feb 1, 2026"
open.canada.ca/data/en/dataset/35c3556c-e48d-41a7-ac50-652257b0a8e8/resource/aa7c9970-bf33-4392-b1bd-8c1162db25db,1.0,"Feb 1, 2026"
open.canada.ca/data/en/dataset/76defa14-473e-41e2-abfa-60021c4d934b,1.0,"Feb 1, 2026"
open.canada.ca/data/en/dataset/b9f51ef4-4605-4ef2-8231-62a2edda1b54/resource/7b301f1a-2a7a-48bd-9ea9-e0ac4a5313ed,1.0,"Feb 1, 2026"
open.canada.ca/data/en/dataset/a763088c-018d-48b7-bf47-3027a8c725b8,1.0,"Feb 1, 2026"
ouvert.canada.ca/data/fr/dataset/95478ebc-253c-47aa-a956-fdc0beeec84b/resource/df5cc2f7-a8dc-408a-b49e-e3d06e09f515,1.0,"Feb 1, 2026"
open.canada.ca/data/en/dataset/a1acb126-9ce8-40a9-b889-5da2b1dd20cb,1.0,"Feb 1, 2026"
open.canada.ca/data/en/dataset/e338ea7c-33b9-4fa1-bb30-f11afccff3ad/resource/b2d79362-6165-4e0b-bc29-fccec4f2b354,1.0,"Feb 1, 2026"
open.canada.ca/data/en/dataset/5b99672b-69ff-5d08-b26b-10da06f8e30c/resource/eb6fc2e8-b22b-415c-808f-efec6d04f538,1.0,"Feb 1, 2026"
open.canada.ca/data/en/dataset/6a679258-5a4f-4c99-bd39-d507f9567790/resource/e6b0e6a9-7e94-474d-8b5a-1f224c2837d6,1.0,"Feb 1, 2026"
open.canada.ca/data/en/dataset/ba580518-59e8-4d1c-b3ef-41d2658e6965,1.0,"Feb 1, 2026"
open.canada.ca/data/en/dataset/bcc15e72-fe46-4215-8de0-33951662465e/resource/c6fd7edc-23d5-4519-9518-27d0410e4b43,1.0,"Feb 1, 2026"
open.canada.ca/data/en/dataset/91497bca-d859-1f97-c7d1-0972b07fdc0b/resource/6709a9eb-6945-4a85-9a18-5c4ffea1277e,1.0,"Feb 1, 2026"
ouvert.canada.ca/data/fr/dataset/ff1e4882-685c-4518-b741-c3cf9bb74c3e/resource/51adb987-fecd-4890-9ac9-a184a9462b6e,1.0,"Feb 1, 2026"
open.canada.ca/data/en/dataset/dc343c43-a592-4a27-8ee7-c77df56afb34/resource/23c62ae1-a1f1-4935-8cb6-e1d9246a8423,1.0,"Feb 1, 2026"
open.canada.ca/data/en/dataset/23c03b79-477c-4cc3-baab-012d664a7d92,1.0,"Feb 1, 2026"
open.canada.ca/data/en/dataset/e21f150d-73cd-4a89-a47c-f320aae19793/resource/8a14ec48-fb2c-4177-a40d-a39bd32568c0,1.0,"Feb 1, 2026"
open.canada.ca/data/en/dataset/277e3275-5b97-4b2b-bf59-59af72541bd7,1.0,"Feb 1, 2026"
open.canada.ca/data/en/dataset/9b34e712-513f-44e9-babf-9df4f7256550/resource/c294b584-bee1-4fc2-b02e-cef8601816ab,1.0,"Feb 1, 2026"
open.canada.ca/data/en/dataset/861f4388-feb8-4a9f-8b99-5701a0867e72,1.0,"Feb 1, 2026"
open.canada.ca/data/en/dataset/fa258cb0-2429-4239-be19-e437419dbb3c/resource/22f32ecd-5a37-4d72-b075-0a23f1c1a472,1.0,"Feb 1, 2026"
open.canada.ca/data/en/dataset/d1b39de7-e525-4cfa-a605-af38bf174555/resource/f13227d9-b296-479d-836d-1b6bf1b2e087,1.0,"Feb 1, 2026"
open.canada.ca/data/en/dataset/ead35885-d7bb-4d76-8d1b-9f12d1497fc2,1.0,"Feb 1, 2026"
open.canada.ca/data/en/dataset/7f245e4d-76c2-4caa-951a-45d1d2051333/resource/00824645-b8ca-4564-ab6f-a4aa94d77e0f,1.0,"Feb 1, 2026"
open.canada.ca/data/en/dataset/ee1580ab-a23d-4f86-a09b-79763677eb47/resource/baddbc7e-4381-4af1-935f-454b53c32483,1.0,"Feb 1, 2026"
open.canada.ca/data/en/dataset/261c32ab-4cfd-4f81-9dea-7b64065690dc/resource/39434379-45a1-43d5-aea7-a7a50113c291,1.0,"Feb 1, 2026"
ouvert.canada.ca/data/dataset/18bb430e-ffc8-43e6-a20e-cc4e15c3fd71/resource/9a04e3bf-1c87-4b07-856b-69c642f5e8cb,1.0,"Feb 1, 2026"
ouvert.canada.ca/data/dataset/90fed587-1364-4f33-a9ee-208181dc0b97/resource/fbfda891-5327-4e01-927e-0e0dd580d304,1.0,"Feb 1, 2026"
open.canada.ca/data/en/dataset/452e10be-383d-4d7a-9c7d-6484dc366a4a/resource/9b2326c4-7a5c-4fb1-9d28-2004b534490a,1.0,"Feb 1, 2026"
open.canada.ca/data/en/dataset/29122e72-5762-25f0-732f-c6377f11763f/resource/7125e217-7787-45d0-be93-5c52aabf6c43,1.0,"Feb 1, 2026"
open.canada.ca/data/en/dataset/2b0c5ebe-c4a6-4a1d-9b4b-c850f9b5c3c4,1.0,"Feb 1, 2026"
open.canada.ca/data/en/dataset/80017dc7-5c64-4b9a-9d33-7cb1e8c67637,1.0,"Feb 1, 2026"
open.canada.ca/data/en/dataset/7b3152eb-879a-4545-b5f9-fb52dc42cf65/resource/55873633-581f-4e88-8fed-8879085eb6b2,1.0,"Feb 1, 2026"
open.canada.ca/data/en/dataset/d70e2d11-60f0-031b-7c3d-ec05f1f4886b/resource/720ac3f4-58e9-422b-a2be-8ef64ea6e367,1.0,"Feb 1, 2026"
open.canada.ca/data/en/dataset/9e11e114-ef0d-4814-8d93-24af23716489/resource/abfdd737-f684-4b71-a14a-d7deb1d0ee20,1.0,"Feb 1, 2026"
open.canada.ca/data/en/dataset/98e56d84-011b-484c-8cb4-23c8c3db6ba1/resource/436a3785-c8b8-4a20-b6a2-bcbe68f45bcf,1.0,"Feb 1, 2026"
open.canada.ca/data/en/dataset/ededff77-a021-48d6-89a5-cdbcd75fb4ff,1.0,"Feb 1, 2026"
open.canada.ca/data/en/dataset/061c8cb7-ca4e-45be-a990-61fce7e7d2dc/resource/490bc3aa-78ee-4418-88d2-8aa8985d445a,1.0,"Feb 1, 2026"
open.canada.ca/data/en/dataset/5a5680fa-29e0-4ad2-b2ce-ff0dabc1f666/resource/ea7a1832-e9a0-4358-93c1-4f3fff0c666a,1.0,"Feb 1, 2026"
ouvert.canada.ca/data/fr/dataset/754e11cc-3e75-4148-816d-2509470a0f4f,1.0,"Feb 1, 2026"
open.canada.ca/data/en/dataset/744d8a3b-b9e0-41b8-be5f-5f869a36a221/resource/dbb1fea1-2003-4ee7-ba43-30f009eae301,1.0,"Feb 1, 2026"
open.canada.ca/data/en/dataset/976bb4f8-2b63-4150-910c-1f8e094cc83a/resource/8620a7fd-2891-43b3-bd8d-2b5324702cfc,1.0,"Feb 1, 2026"
open.canada.ca/data/en/dataset/5374c3f3-9bd7-4c1f-9655-c3cc7f041109,1.0,"Feb 1, 2026"
open.canada.ca/data/en/dataset/05b3abd0-e70f-4b3b-a9c5-acc436bd15b6/resource/2a7e1d1f-83e8-4ad9-b57b-7506837fcbe5,1.0,"Feb 1, 2026"
open.canada.ca/data/en/dataset/719955f2-bf8e-44f7-bc26-6bd623e82884/resource/3c2d6a4d-fbf5-4e20-bc66-fb52394605a2,1.0,"Feb 1, 2026"
open.canada.ca/data/en/dataset/d38de914-c94c-429b-8ab1-8776c31643e3,1.0,"Feb 1, 2026"
ouvert.canada.ca/data/fr/dataset/dc639a40-8893-11e0-96ca-6cf049291510/resource/55f92c3b-fbb0-4e5a-a366-95254b006a2e,1.0,"Feb 1, 2026"
open.canada.ca/data/en/dataset/448ec403-6635-456b-8ced-d3ac24143add/resource/5610a875-6022-4627-ab71-c3829404c537,1.0,"Feb 1, 2026"
open.canada.ca/data/en/dataset/4eee1558-45b7-4484-9336-e692897d393f/resource/dcac46f5-1032-4ea6-a067-a106450f51b8,1.0,"Feb 1, 2026"
open.canada.ca/data/en/dataset/65e2d45e-efc6-4c29-9a9b-db59bc96aa0e/resource/86d3a022-4dc9-47dc-b515-c606193d160d,1.0,"Feb 1, 2026"
open.canada.ca/data/en/dataset/d02d92aa-db6b-4b70-abfe-0e933134cbb1,1.0,"Feb 1, 2026"
open.canada.ca/data/en/dataset/c1b0f627-8c29-427c-ab73-33968ad9176e/resource/f4c9d4f1-e552-482d-8259-181dad6a3c3f,1.0,"Feb 1, 2026"
open.canada.ca/data/en/dataset/11cc0507-300b-4428-a678-21b86ecf1bb4/resource/2d53d1f7-5817-40ac-b05a-f3b598e1fe2b,1.0,"Feb 1, 2026"
open.canada.ca/data/en/dataset/9f29271c-efe6-4bc2-98c0-caeaed2607f6/resource/e9053b3d-3831-4d8f-a447-30e53e162e22,1.0,"Feb 1, 2026"
open.canada.ca/data/en/dataset/a61976ac-d8e8-4862-851e-d105227b6525,1.0,"Feb 1, 2026"
open.canada.ca/data/dataset/2c53729a-2453-4633-92f3-6876a45f8bc4/resource/c1abbaea-c736-4739-85e8-b80b47a5447e,1.0,"Feb 1, 2026"
open.canada.ca/data/en/dataset/5b99672b-69ff-5d08-b26b-10da06f8e30c,1.0,"Feb 1, 2026"
open.canada.ca/data/en/dataset/64ea4e97-ae18-4020-98f9-1e1b7c75341d,1.0,"Feb 1, 2026"
open.canada.ca/data/en/dataset/4dab5b98-b97b-7ba7-9c23-b3eaf8e8d762/resource/1c9d5fd3-b459-4463-9eba-d27edd0047ca,1.0,"Feb 1, 2026"
open.canada.ca/data/en/dataset/b064ae08-2383-40e8-98f8-67fd1ed34447,1.0,"Feb 1, 2026"
open.canada.ca/data/en/dataset/fb1c834b-5a59-44f4-8ed9-6585e826f88d,1.0,"Feb 1, 2026"
search.open.canada.ca/grants/download/b194a156-cccf-4436-a3fb-bd095757554e,1.0,"Feb 1, 2026"
open.canada.ca/data/dataset/af519d72-5032-44d4-af0f-d9351b527ab4,1.0,"Feb 1, 2026"
open.canada.ca/data/en/dataset/1eb9eba7-71d1-4b30-9fb1-30cbdab7e63a/resource/f964d00f-6bba-44be-ae79-85f574d04a31,1.0,"Feb 1, 2026"
open.canada.ca/data/en/info/3abb5c74-3bbf-4647-b1c1-fe8390e98223/resource/15e60056-6a75-4fb7-8920-52d72875d4a9,1.0,"Feb 1, 2026"
open.canada.ca/data/en/dataset/460becb4-ef83-4728-bcaa-88f438daa54d,1.0,"Feb 1, 2026"
open.canada.ca/data/dataset/e43be180-7511-4e6f-84d3-ad6c9f5c3e2b/resource/fc9b57be-6476-4f01-a6b2-060d14b5b0db,1.0,"Feb 1, 2026"
open.canada.ca/data/en/dataset/b0e112e9-cf53-4e79-8838-23cd98debe5b/resource/d3cebbfb-e87e-4012-b07a-2d35fbbebfed,1.0,"Feb 1, 2026"
open.canada.ca/data/en/dataset/dae13a6b-4646-4d67-9c29-e9bf354d59be/resource/ffded89a-f56c-4b25-91c9-3ac63c963afc,1.0,"Feb 1, 2026"
open.canada.ca/data/en/dataset/17946cf3-18ad-45be-bb93-600200c8b62f/resource/21bafc1d-ace6-44d1-a0c0-eb40e0b97fd3,1.0,"Feb 1, 2026"
open.canada.ca/data/en/dataset/50d4dad2-6c8a-5b29-9e27-8baa3ee19a48/resource/c61bf278-2b11-49f9-aae0-70657cd789b9,1.0,"Feb 1, 2026"
open.canada.ca/data/en/dataset/792f0243-ad14-41c0-b048-eca79a8efb37,1.0,"Feb 1, 2026"
open.canada.ca/data/en/dataset/ca243c40-a6d3-4a46-a578-b4fad4369df0/resource/534fd8f4-36ec-42bd-b74b-42aea2214321,1.0,"Feb 1, 2026"
open.canada.ca/data/en/dataset/710db18e-6792-48ac-85f1-5758eda90f78,1.0,"Feb 1, 2026"
open.canada.ca/data/en/dataset/1fab2afd-4f3c-4922-a07e-58d7bed9dcfc/resource/9f03d5c7-c331-4966-85ff-0a71a6ea258e,1.0,"Feb 1, 2026"
open.canada.ca/data/en/dataset/00f182a4-6159-422b-9e3c-37373b42500e,1.0,"Feb 1, 2026"
open.canada.ca/data/en/dataset/1eb9eba7-71d1-4b30-9fb1-30cbdab7e63a/resource/a463a00e-22f2-4692-aaf5-7eacd15f0fa8,1.0,"Feb 1, 2026"
open.canada.ca/data/en/dataset/edd6fc73-2b05-4864-9184-95f3f5003ab7/resource/197fa344-bc3f-4793-a83e-a585a05f0299,1.0,"Feb 1, 2026"
open.canada.ca/data/en/dataset/29122e72-5762-25f0-732f-c6377f11763f/resource/65188321-a44f-4730-b474-403f8fa3520f,1.0,"Feb 1, 2026"
open.canada.ca/data/en/dataset/9a256188-062e-44b2-ae6f-5b1bd0b05e31,1.0,"Feb 1, 2026"
open.canada.ca/data/en/dataset/e2e60f18-95fe-487b-9edd-d1f7bcdd9f9f,1.0,"Feb 1, 2026"
open.canada.ca/data/en/dataset/c69e78c6-e454-4bd9-9778-e4b0eaf8105b/resource/f07f6057-c0b1-413f-9fff-1d15bee2a60d,1.0,"Feb 1, 2026"
open.canada.ca/data/en/dataset/dfa4daf1-669e-4514-82cd-982f27707ed0/resource/807c638f-10e7-4c79-b756-677d3af7265c,1.0,"Feb 1, 2026"
open.canada.ca/data/en/dataset/4c8566db-bf93-2bc9-13af-56c0a564761b/resource/0c1e437b-63ba-4b2e-950f-b201eb23af89,1.0,"Feb 1, 2026"
ouvert.canada.ca/data/fr/dataset/85fa8f51-28f6-4163-9d96-eab0b185ec10/resource/e8850c60-82b9-4d77-803f-420423864e02,1.0,"Feb 1, 2026"
ouvert.canada.ca/data/dataset/90fed587-1364-4f33-a9ee-208181dc0b97/resource/cbb38578-9116-44f4-9976-124c1031e201,1.0,"Feb 1, 2026"
ouvert.canada.ca/data/fr/dataset/fd8efb83-b73d-5442-ab60-7987c824f5fd,1.0,"Feb 1, 2026"
open.canada.ca/data/en/dataset/71b309a0-efd2-4e85-8124-37e935c23aef,1.0,"Feb 1, 2026"
open.canada.ca/data/en/dataset/ce864400-7577-5c81-86bb-4e0fb42bac24/resource/095701c9-128a-4fee-b7b8-d437a573b1a7,1.0,"Feb 1, 2026"
open.canada.ca/data/dataset/1f15ca45-8bfd-4f9c-9ec6-2c0c440e69c2,1.0,"Feb 1, 2026"
open.canada.ca/data/en/dataset/b0e112e9-cf53-4e79-8838-23cd98debe5b/resource/83cd895f-c374-4d36-a9be-e5595b3afc66,1.0,"Feb 1, 2026"
open.canada.ca/data/en/dataset/432527ab-7aac-45b5-81d6-7597107a7013,1.0,"Feb 1, 2026"
open.canada.ca/data/en/dataset/be073ee2-a302-4d32-af20-a48f5fbe2e63,1.0,"Feb 1, 2026"
open.canada.ca/data/en/dataset/92214e02-bb86-433e-81b9-c2a78a518e75,1.0,"Feb 1, 2026"
open.canada.ca/data/en/dataset/c1a54a0c-4eb0-4b50-be1f-01aee632527e/resource/9dd6fe98-3199-3ff2-a293-c5076d763df9,1.0,"Feb 1, 2026"
open.canada.ca/data/en/dataset/bbc2ce15-49e2-f972-fe9f-f5803ade141a,1.0,"Feb 1, 2026"
open.canada.ca/data/en/dataset/a0a18c16-ce56-4528-9229-d5044a518fa3/resource/4990bb0d-6b7d-48d6-875a-af0c7bb4f01f,1.0,"Feb 1, 2026"
open.canada.ca/data/en/dataset/6e8a0204-d802-4a18-9c6e-d06d567af8c0/resource/f74fdd9a-e44c-4d62-bde2-7af0877d2061,1.0,"Feb 1, 2026"
open.canada.ca/data/en/dataset/4cf233c2-f020-4f7a-9b87-1923252fbc24/resource/f2f784c2-454b-48c3-83aa-5260ea293014,1.0,"Feb 1, 2026"
open.canada.ca/data/en/dataset/dae13a6b-4646-4d67-9c29-e9bf354d59be/resource/152b4d5e-7965-4ffe-8a79-53a879f32d3a,1.0,"Feb 1, 2026"
open.canada.ca/data/en/dataset/71c930b9-563a-46da-a10f-ead49ccbc390/resource/0514ab21-73d6-47cf-873f-b209be798bae,1.0,"Feb 1, 2026"
open.canada.ca/data/en/dataset/24679e3f-f545-295d-d0ed-322a944a0923/resource/deacfdec-8623-4726-9c52-210750557398,1.0,"Feb 1, 2026"
open.canada.ca/data/en/dataset/f62f8b9e-8057-43de-a1cb-5affd0a5c6e7,1.0,"Feb 1, 2026"
open.canada.ca/data/en/dataset/f7e5498e-0ad8-4417-85c9-9b8aff9b9eda/resource/0f1e6cce-a2e3-4ded-92ca-47d3c7e55128,1.0,"Feb 1, 2026"
open.canada.ca/data/en/dataset/1354a100-3472-4fc9-8814-a604f137339d/resource/b107c219-3cbc-44ce-a068-44968e84b33f,1.0,"Feb 1, 2026"
open.canada.ca/data/en/dataset/edd6fc73-2b05-4864-9184-95f3f5003ab7/resource/c11f11c6-1260-4a33-bbb2-355f42705e90,1.0,"Feb 1, 2026"
ouvert.canada.ca/data/fr/dataset/a56dfef1-ad07-4b21-9ef7-24a0c553a085/resource/437fb2ed-436d-4324-b558-37913bc67669,1.0,"Feb 1, 2026"
open.canada.ca/data/en/dataset/712e7355-91d7-7b4f-9d46-1e7b5561cd95,1.0,"Feb 1, 2026"
open.canada.ca/data/en/dataset/e338ea7c-33b9-4fa1-bb30-f11afccff3ad/resource/8a0aa0cf-3b72-4dd0-831d-168fbf1d6462,1.0,"Feb 1, 2026"
open.canada.ca/data/en/dataset/55a4e3da-6726-4abb-a573-6d3bd5b02c08/resource/9a244ae5-60e5-44ae-aa22-a96dccd6e538,1.0,"Feb 1, 2026"
open.canada.ca/data/en/dataset/fcbc0200-79ba-4fa4-94a6-00e32facea6b,1.0,"Feb 1, 2026"
open.canada.ca/data/en/dataset/fcf3e4d7-054c-4165-ac34-b8809b2ae0cd/resource/9235c776-ac8b-4257-bfac-d5e77e9e6ecd,1.0,"Feb 1, 2026"
ouvert.canada.ca/data/fr/dataset/f9a50402-dcd3-4439-b43c-fbc5c9704006,1.0,"Feb 1, 2026"
ouvert.canada.ca/data/fr/dataset/c41ca40b-ff3a-4d95-9613-b2571dcdeaba/resource/8c29d511-309e-42d7-8633-bbbc50127cc6,1.0,"Feb 1, 2026"
ouvert.canada.ca/data/fr/dataset/5c598f1f-ec76-4de4-8fe4-82e05165fc49/resource/2c273437-3f0f-4193-b2ba-4a520f282270,1.0,"Feb 1, 2026"
ouvert.canada.ca/data/fr/dataset/90fed587-1364-4f33-a9ee-208181dc0b97/resource/dc061c7d-5d56-450d-8060-4bfc0ed6f0b3,1.0,"Feb 1, 2026"
open.canada.ca/data/en/dataset/f82f66f2-a22b-4511-bccf-e1d74db39ae5/resource/69d1bf1d-a525-4f81-baa2-c2b700fc460a,1.0,"Feb 1, 2026"
open.canada.ca/data/en/dataset/ad1479e3-7859-45a2-8ec4-bb1221c4a1f4/resource/837cf784-c2b6-4623-a559-f0df489a5e20,1.0,"Feb 1, 2026"
open.canada.ca/data/en/dataset/ab6bf055-ff0d-46d6-b07c-58aeb75c57dd,1.0,"Feb 1, 2026"
ouvert.canada.ca/data/dataset/377d2c17-d92b-4135-9244-4a609cd8fb80,1.0,"Feb 1, 2026"
open.canada.ca/data/en/dataset/6c78fb2f-d23b-45b4-b3af-cc6f6cc4fff8,1.0,"Feb 1, 2026"
open.canada.ca/data/en/dataset/c4c5c7f1-bfa6-4ff6-b4a0-c164cb2060f7,1.0,"Feb 1, 2026"
open.canada.ca/data/en/dataset/1cda0df2-550a-4449-9462-1c7464161b20/resource/5bf4e08f-4d12-48d9-9d47-0251aaaf29e7,1.0,"Feb 1, 2026"
open.canada.ca/data/en/dataset/778989e3-f9a2-4a61-92dc-fdf0293cf6ca/resource/b17b6dab-febb-4bca-8328-2bd19220ee96,1.0,"Feb 1, 2026"
open.canada.ca/data/en/dataset/76defa14-473e-41e2-abfa-60021c4d934b/resource/a799d4c0-4f00-4624-a4dc-389f81ee381b,1.0,"Feb 1, 2026"
open.canada.ca/data/en/dataset/f52a6457-fb37-4267-acde-11a1e57c4dc8,1.0,"Feb 1, 2026"
open.canada.ca/data/en/dataset/deb2db19-1ec7-4465-b2de-dba43fb0f8c0/resource/987737e3-7f7b-45a0-9565-e66df061f4af,1.0,"Feb 1, 2026"
open.canada.ca/data/en/dataset/6a2ee0c2-b3f1-4af2-9c86-735377a961af,1.0,"Feb 1, 2026"
open.canada.ca/data/en/dataset/d92224ee-03ef-4904-be53-b677d8e01ac4,1.0,"Feb 1, 2026"
open.canada.ca/data/en/dataset/1427d389-cd21-4fe2-8ed9-282d9bdcb7e2/resource/210fecbd-cb08-4deb-b23b-c77d9792be06,1.0,"Feb 1, 2026"
open.canada.ca/data/en/dataset/382b7a1e-9c34-47c7-9531-38e67ca5441d/resource/46bbbe22-f4e2-42c4-b569-b84b46de4b12,1.0,"Feb 1, 2026"
open.canada.ca/data/en/dataset/3ead63f7-2385-404b-8746-8fd4bcf88630/resource/70767610-6f77-4e35-8afa-1ba997075c5e,1.0,"Feb 1, 2026"
open.canada.ca/data/en/dataset/c8719fa7-f09c-46fa-a928-f13dd3b613e5/resource/33ad92b7-f312-4ea0-89d4-a8bd8a3d74b5,1.0,"Feb 1, 2026"
open.canada.ca/data/en/info/908e9f16-f132-4799-8cc4-21332ce07548/resource/02f2b402-caad-4d9a-bdf7-b8c24de023c1,1.0,"Feb 1, 2026"
open.canada.ca/data/en/dataset/83dcf122-d050-4def-8456-d23b718c6b22/resource/f8cc4ef5-39fd-407e-a52a-5de9a711cbe5,1.0,"Feb 1, 2026"
open.canada.ca/data/en/dataset/4dab5b98-b97b-7ba7-9c23-b3eaf8e8d762/resource/ceb56a5e-ed06-497a-9542-7124e4689b35,1.0,"Feb 1, 2026"
open.canada.ca/data/en/dataset/980d598c-73c9-4003-b6e1-78a9a3081b6c/resource/857f8d71-d066-424d-9239-27390d904353,1.0,"Feb 1, 2026"
open.canada.ca/data/en/dataset/1aaa7e65-fb20-4b5e-b9d6-52c00ac7aa5a,1.0,"Feb 1, 2026"
open.canada.ca/data/en/dataset/1354a100-3472-4fc9-8814-a604f137339d,1.0,"Feb 1, 2026"
open.canada.ca/data/en/dataset/0b4e8355-7244-8db5-0ef1-0eb4f2347d0c/resource/af86ac4e-c83b-4b50-a5be-6207a56ec6a5,1.0,"Feb 1, 2026"
open.canada.ca/data/en/dataset/f5a64096-7951-41bb-8ac1-093e61e4c6c1/resource/7a736142-1996-43e6-aa1c-3cc99a2e5f62,1.0,"Feb 1, 2026"
open.canada.ca/data/dataset/a18e1c84-54d6-44d3-a0ba-a1323162ac6e,1.0,"Feb 1, 2026"
open.canada.ca/data/en/dataset/ab36a4ab-9b69-49b1-8be6-6faa3f0d0c67/resource/cc1fac7d-ea18-4e03-8178-0e1351ef0205,1.0,"Feb 1, 2026"
open.canada.ca/data/en/dataset/d99abc15-afb0-471e-b2a2-8d00d8caac2d,1.0,"Feb 1, 2026"
open.canada.ca/data/en/dataset/07d384b3-c683-4253-a1bb-6fa548a15789,1.0,"Feb 1, 2026"
open.canada.ca/data/en/dataset/d92224ee-03ef-4904-be53-b677d8e01ac4/resource/50956cc1-98f1-4ae6-a8fc-7d866778260c,1.0,"Feb 1, 2026"
open.canada.ca/data/en/dataset/22a9acf5-463c-47bf-97fc-c766d1def16c/resource/711815a6-c11a-4a7c-9e26-b56719de831c,1.0,"Feb 1, 2026"
open.canada.ca/data/en/dataset/3c371e57-d487-49fa-bb0d-352ae8dd6e4e/resource/d002b14c-d097-4ee4-b001-b03da0574dee,1.0,"Feb 1, 2026"
open.canada.ca/data/en/dataset/957782bf-847c-4644-a757-e383c0057995/resource/fecc492a-12cc-4f4b-a1d9-7a3efad8623b,1.0,"Feb 1, 2026"
open.canada.ca/data/en/dataset/09ffaeb5-ec8f-5bb5-bdcb-3436ccf26f58,1.0,"Feb 1, 2026"
open.canada.ca/data/en/dataset/4a99feef-66dc-44e4-be61-3fe170fb3606/resource/310d63ef-2dc2-4ed3-85c6-90cf41372b64,1.0,"Feb 1, 2026"
open.canada.ca/data/en/dataset/a03b6466-6077-45c6-ae3f-d9165fafcaad,1.0,"Feb 1, 2026"
ouvert.canada.ca/data/fr/dataset/a348c1d1-2392-4595-b5e2-c6a244a7e87f,1.0,"Feb 1, 2026"
open.canada.ca/data/en/dataset/24679e3f-f545-295d-d0ed-322a944a0923/resource/4253cbf4-20a8-4fb0-b58f-8a3ddafd89ba,1.0,"Feb 1, 2026"
open.canada.ca/data/en/dataset/f82f66f2-a22b-4511-bccf-e1d74db39ae5/resource/1bcfe8d1-0ec8-4494-b895-d2458520064b,1.0,"Feb 1, 2026"
open.canada.ca/data/en/dataset/a99ce4f7-d288-4523-adb2-2ea97bb456c9/resource/93c5a8c0-0ed9-4854-a64f-2c335ed05e26,1.0,"Feb 1, 2026"
open.canada.ca/data/en/dataset/4e857c0c-2309-438d-ad29-80b55d9c48f7,1.0,"Feb 1, 2026"
ouvert.canada.ca/data/fr/dataset/a502b616-c321-4f15-abfe-d28c9f1781b4,1.0,"Feb 1, 2026"
open.canada.ca/data/en/dataset/30e414ed-320c-46a6-bdf5-02c90dc151f2,1.0,"Feb 1, 2026"
open.canada.ca/data/en/dataset/666cc782-688d-4ddd-9d3c-f257e1faf652,1.0,"Feb 1, 2026"
open.canada.ca/data/en/dataset/236680e0-0014-4edc-904b-2e1b9f4061ff,1.0,"Feb 1, 2026"
open.canada.ca/data/en/dataset/22bbf6d1-c40e-4802-88df-62b6960b348a,1.0,"Feb 1, 2026"
open.canada.ca/data/en/dataset/561d3400-2e4c-4eb7-a042-f3135ab38224/resource/c6f2914d-8b35-4d20-ae42-024bc1f313ba,1.0,"Feb 1, 2026"
open.canada.ca/data/en/dataset/40544b3a-4821-55cf-95c5-ff056f1ade05/resource/94968c66-6a76-4621-af03-00e9101efa05,1.0,"Feb 1, 2026"
open.canada.ca/data/en/dataset/ea075020-b9f4-43c4-8d04-075132cbbc7d,1.0,"Feb 1, 2026"
open.canada.ca/data/en/dataset/fa349b87-f7af-1b65-2aa3-f1dffa7b6e3c/resource/a176bff5-15ff-4b8a-a210-a4a1a230d1d0,1.0,"Feb 1, 2026"
open.canada.ca/data/en/dataset/2ebb35d8-c82f-4a17-9c96-612ac3532d55/resource/a86493ed-06eb-40d4-8967-6832a5345dbf,1.0,"Feb 1, 2026"
search.open.canada.ca/grants/download/2287fc8b-c46e-45ae-b3fa-574f6984e61c,1.0,"Feb 1, 2026"
open.canada.ca/data/en/dataset/1c949987-310c-4bd8-adaa-a9268332e4c0/resource/93b22907-9d9e-4930-9268-29dc6995e69b,1.0,"Feb 1, 2026"
open.canada.ca/data/en/dataset/1d2f74c5-7bf7-453f-8622-111a71d875f2,1.0,"Feb 1, 2026"
ouvert.canada.ca/data/fr/dataset/dfa4daf1-669e-4514-82cd-982f27707ed0/resource/bdc68e9a-9e15-40eb-b1f2-05afc48a828a,1.0,"Feb 1, 2026"
open.canada.ca/data/en/dataset/4fe645a1-ffcd-40c1-9385-2c771be956a4/resource/c2b7c21c-f643-4ad7-a9eb-f8b8372b5d78,1.0,"Feb 1, 2026"
open.canada.ca/data/en/dataset/a9e40f30-3229-4fb7-8105-83e751c848d4/resource/eddf7ed5-3272-4e09-90ba-a93f8215ee6b,1.0,"Feb 1, 2026"
ouvert.canada.ca/data/dataset/0f4331e4-f927-4ec6-b6e4-58e80c134b6d/resource/a3c9f889-83d3-4dc9-ba4f-89ac9edaefa9,1.0,"Feb 1, 2026"
open.canada.ca/data/en/dataset/4eee1558-45b7-4484-9336-e692897d393f/resource/bcd4035b-e4e4-4b51-868f-ca482e46ba76,1.0,"Feb 1, 2026"
open.canada.ca/data/en/dataset/0fe65119-e96e-4a57-8bfe-9d9245fba06b/resource/37005685-6763-4619-b28c-433b9dab7ce3,1.0,"Feb 1, 2026"
open.canada.ca/data/en/dataset/c41ca40b-ff3a-4d95-9613-b2571dcdeaba,1.0,"Feb 1, 2026"
open.canada.ca/data/en/dataset/f028d40f-3c0e-4a36-8a38-fe18d7aaaa32,1.0,"Feb 1, 2026"
open.canada.ca/data/en/dataset/39194018-abf3-45fd-9310-2acac0f64fa2/resource/7ada7fc9-171c-45bc-8296-632798889be3,1.0,"Feb 1, 2026"
open.canada.ca/data/en/dataset/d151af6e-045a-48ec-9ab0-7e3fcbab97ab,1.0,"Feb 1, 2026"
open.canada.ca/data/en/dataset/dee6d758-0297-da7b-8557-15930b67aa9e/resource/6e515e68-17fa-4bce-a3ac-46be7a4fe0cb,1.0,"Feb 1, 2026"
open.canada.ca/data/en/dataset/42f554ef-e66c-4625-80ad-9cd9988db7b0,1.0,"Feb 1, 2026"
open.canada.ca/data/dataset/af519d72-5032-44d4-af0f-d9351b527ab4/resource/233979cb-332f-4b4b-bdb0-1fc85c27c902,1.0,"Feb 1, 2026"
open.canada.ca/data/en/dataset/c14358a3-a1b0-417b-8abd-34c0cb109135,1.0,"Feb 1, 2026"
ouvert.canada.ca/data/fr/dataset/7edc2e2b-1aeb-5146-acba-63addf91acbb,1.0,"Feb 1, 2026"
open.canada.ca/data/en/dataset/f2303645-5952-4766-bd5c-3b9b50dda1ca/resource/389ec96f-d4f0-4f60-bec9-1370ab0a03cd,1.0,"Feb 1, 2026"
open.canada.ca/data/en/dataset/a0f65b7d-80aa-45c4-bcd1-a0f4b391241a/resource/761d0261-ed88-43d7-b3bf-e133910ad7c0,1.0,"Feb 1, 2026"
open.canada.ca/data/en/dataset/30aeb5c1-4285-46c8-b60b-15b1a6f4258b,1.0,"Feb 1, 2026"
open.canada.ca/data/en/dataset/55438acb-aa67-407a-9fdb-1cb21eb24e28/resource/a540442a-57e3-44b6-bce5-1952db2e1d36,1.0,"Feb 1, 2026"
open.canada.ca/data/en/dataset/288b6dc4-16dc-43cc-80a4-2a45b1f93383/resource/27f4126a-d667-32ec-ae53-d9018a91f56d,1.0,"Feb 1, 2026"
open.canada.ca/data/en/dataset/9e11e114-ef0d-4814-8d93-24af23716489/resource/5dec5e72-eb4b-401d-8777-39086b15db69,1.0,"Feb 1, 2026"
open.canada.ca/data/en/dataset/5829b5b0-ea6f-476f-be94-bc2b8797769a,1.0,"Feb 1, 2026"
open.canada.ca/data/en/dataset/44ef4d33-20b7-45fc-974c-d73a0a8fbae8/resource/7101877f-3310-4ac4-a46d-87d436d4a948,1.0,"Feb 1, 2026"
open.canada.ca/data/en/dataset/ac988c2a-ce33-4e8e-bf64-2c052c50892f/resource/caabbfe6-468a-45a7-aa5f-e98d8e6ce711,1.0,"Feb 1, 2026"
open.canada.ca/data/en/dataset/481022fc-8f03-4f72-9f51-bb4611741bf1,1.0,"Feb 1, 2026"
open.canada.ca/data/en/dataset/6abd20d4-7a1c-4b38-baa2-9525d0bb2fd2/resource/1dcbbbca-b8f4-43f1-8301-b14c9c27dcea,1.0,"Feb 1, 2026"
open.canada.ca/data/dataset/8bcb877c-df63-4488-b07d-f8e03a4a67e3/resource/9cafe810-c828-4d8f-96b8-968b0e749517,1.0,"Feb 1, 2026"
open.canada.ca/data/en/dataset/cdfc2d7b-c046-4bf0-90ac-4897232619e1/resource/ca2e29ce-220b-459c-bcbf-6117abb16d77,1.0,"Feb 1, 2026"
open.canada.ca/data/en/dataset/1d5b64e8-1c03-4d73-b25a-d316b54257fa/resource/728c0839-b899-440c-b869-f802e5fddaa5,1.0,"Feb 1, 2026"
ouvert.canada.ca/data/fr/dataset/dc639a40-8893-11e0-96ca-6cf049291510/resource/41375d18-da26-404d-b9ea-ae03a972569b,1.0,"Feb 1, 2026"
ouvert.canada.ca/data/fr/dataset/8b434ac7-aedb-4698-90df-ba77424a551f/resource/b4b8ede1-512c-4e6f-92af-d0ff38cf4de5,1.0,"Feb 1, 2026"
open.canada.ca/data/en/dataset/8b434ac7-aedb-4698-90df-ba77424a551f/resource/82ef5fde-2813-4948-b7e8-0ece5bbd9b3a,1.0,"Feb 1, 2026"
rechercher.ouvert.canada.ca/grants/telecharger/703d7aa9-3343-4c8e-af57-1f60b9230f32,1.0,"Feb 1, 2026"
open.canada.ca/data/en/dataset/3b070a33-c13e-4a1f-a5ce-63e3a4d616bc,1.0,"Feb 1, 2026"
open.canada.ca/data/en/dataset/08e4f3fc-b172-486e-2988-9d6fabeab0a0,1.0,"Feb 1, 2026"
open.canada.ca/data/en/dataset/8a21881f-178a-4160-8789-990a0f2a838c/resource/64b046a4-2e62-4ac0-ae56-523d4812fb9e,1.0,"Feb 1, 2026"
open.canada.ca/data/en/dataset/ae607339-800b-50d7-8d1e-4309d17d10c3/resource/1440b689-3765-40b1-933b-efc6bb32ac13,1.0,"Feb 1, 2026"
open.canada.ca/data/en/dataset/05b3abd0-e70f-4b3b-a9c5-acc436bd15b6/resource/4cf7d8fa-221a-4934-a423-82dbeac7462b,1.0,"Feb 1, 2026"
open.canada.ca/data/en/dataset/056e9aaf-60ec-4af0-9684-f937724c7b09/resource/a6134735-0338-46e1-a4ba-5ddde82c505f,1.0,"Feb 1, 2026"
open.canada.ca/data/en/dataset/40544b3a-4821-55cf-95c5-ff056f1ade05/resource/0a9bc028-2531-4866-8d6f-e2f09d580a57,1.0,"Feb 1, 2026"
ouvert.canada.ca/data/fr/dataset/f7e5498e-0ad8-4417-85c9-9b8aff9b9eda/resource/1b3c140b-8d3a-49a1-859e-da338bf907c6,1.0,"Feb 1, 2026"
open.canada.ca/data/en/dataset/dc639a40-8893-11e0-96ca-6cf049291510/resource/6a745e8b-d794-44c8-8713-7b53b73c8cd8,1.0,"Feb 1, 2026"
open.canada.ca/data/en/dataset/72added0-3f30-42b5-b8dc-0324ef67a02b/resource/73e1cacc-6110-44a9-abeb-09f1d567f9eb,1.0,"Feb 1, 2026"
open.canada.ca/data/en/dataset/e8eeefc4-2826-47bc-8430-85703d328516/resource/1b9b254c-3204-4e58-b4d4-eb74f911b7d9,1.0,"Feb 1, 2026"
open.canada.ca/data/en/dataset/05a9e718-6810-4e73-8bb9-5955efeb91a0/resource/92bbc3d3-b28a-460b-ac3a-ff2437e30700,1.0,"Feb 1, 2026"
open.canada.ca/data/en/dataset/391a3e7c-b47f-4dbe-a39a-a61e010c9dbd,1.0,"Feb 1, 2026"
open.canada.ca/data/en/dataset/b6cbcf4d-f763-4924-a2fb-8cc4a06e3de4/resource/e4697ed2-287a-4ffb-8934-c21a0ce388f0,1.0,"Feb 1, 2026"
open.canada.ca/data/en/dataset/17782f09-1a8c-43f5-b9aa-ba4bba482ac5/resource/95e204d0-9f30-48ee-98a4-ac75b66d68bf,1.0,"Feb 1, 2026"
ouvert.canada.ca/data/fr/dataset/69c68f22-8a2a-43d1-8f4e-4017e3ffebba/resource/1ffc4a5e-e41b-48c7-929e-633d023ef8dc,1.0,"Feb 1, 2026"
open.canada.ca/data/en/dataset/94906755-1cb9-4c2d-aaa6-bf365f3d4de8,1.0,"Feb 1, 2026"
open.canada.ca/data/en/dataset/957782bf-847c-4644-a757-e383c0057995/resource/34cb9a90-0086-4e3b-9511-6e77fd71e4a4,1.0,"Feb 1, 2026"
open.canada.ca/data/en/dataset/339905fa-edd2-4c56-b68f-99bbc1654cbf/resource/5ac8da0f-d913-4580-bcef-a97d9050a100,1.0,"Feb 1, 2026"
open.canada.ca/data/en/dataset/b9ead11c-fef5-262a-6934-282df6515121,1.0,"Feb 1, 2026"
ouvert.canada.ca/data/fr/dataset/ba2c4642-cbf0-4e31-9be2-ab96ec09c8b8/resource/c05d2b88-6145-47f7-b03e-b5fa43d2ed2d,1.0,"Feb 1, 2026"
open.canada.ca/data/en/dataset/ae607339-800b-50d7-8d1e-4309d17d10c3,1.0,"Feb 1, 2026"
ouvert.canada.ca/data/fr/dataset/dc639a40-8893-11e0-96ca-6cf049291510/resource/0013a1a8-9497-4673-a715-691b7fc7091e,1.0,"Feb 1, 2026"
ouvert.canada.ca/data/fr/dataset/be36f85e-e419-4978-9c34-cb5795622595/resource/eb960b47-a500-4353-a54c-b7311a8042b9,1.0,"Feb 1, 2026"
open.canada.ca/data/en/dataset/8c387c19-9411-c58c-89d3-9e222ea3f50a/resource/75a941de-fe4b-4bdb-a76f-464f47040cf4,1.0,"Feb 1, 2026"
ouvert.canada.ca/data/fr/dataset/13db2583-427a-4e5f-b679-8532d3df571f,1.0,"Feb 1, 2026"
open.canada.ca/data/en/dataset/36dd59c5-de89-4d93-a998-b981e9118e0d/resource/5ae71c01-b209-45f5-a4ef-a6ff5cc1ebc5,1.0,"Feb 1, 2026"
ouvert.canada.ca/data/fr/dataset/c3413230-b784-4e4a-befd-d325840235cc/resource/408290aa-58c1-4907-9635-69fdeb7afa6b,1.0,"Feb 1, 2026"
open.canada.ca/data/en/dataset/7d607c74-e84f-4eff-8595-6dd1833675bf/resource/a3047a1c-10d0-4f46-8576-52c7b50a14eb,1.0,"Feb 1, 2026"
open.canada.ca/data/en/dataset/b6dd6ad6-dcec-4df0-a141-20ec13dbc43f/resource/454c061c-7c5b-4d7e-8894-3bb7431f9a51,1.0,"Feb 1, 2026"
open.canada.ca/data/en/dataset/b6567c5c-8339-4055-99fa-63f92114d9e4/resource/b15ba890-bb1d-4597-a8cf-0aa7b63fbe18,1.0,"Feb 1, 2026"
open.canada.ca/data/en/dataset/36dd59c5-de89-4d93-a998-b981e9118e0d/resource/beb5b59b-6132-42a5-9060-355e0a77e4be,1.0,"Feb 1, 2026"
open.canada.ca/data/en/dataset/94fc74d6-9b9a-4c2e-9c6c-45a5092453aa,1.0,"Feb 1, 2026"
open.canada.ca/data/en/dataset/8ec4a9df-b76b-4a67-8f93-cdbc2e040098/resource/a1de6faa-cb68-4f47-aa57-efd46bd8f82b,1.0,"Feb 1, 2026"
open.canada.ca/data/en/dataset/89898244-aaae-4591-ba9b-fe5cd81d5924/resource/dd50ce04-3150-4f26-b8ab-0ad067489593,1.0,"Feb 1, 2026"
open.canada.ca/data/en/dataset/92d7bc61-3724-44cd-9917-e2bf75023d4e,1.0,"Feb 1, 2026"
ouvert.canada.ca/data/fr/dataset/4479a1d9-9eb6-4080-9b4b-f4ab4e3170b4/resource/f9b93640-40bc-4461-8658-58e096b9675c,1.0,"Feb 1, 2026"
ouvert.canada.ca/data/dataset/0f4331e4-f927-4ec6-b6e4-58e80c134b6d,1.0,"Feb 1, 2026"
ouvert.canada.ca/data/fr/dataset/c41ca40b-ff3a-4d95-9613-b2571dcdeaba/resource/8aaa6419-0c9b-4d2a-8228-f09332670dd7,1.0,"Feb 1, 2026"
open.canada.ca/data/en/dataset/647019fb-2a10-4b54-92a3-4ddcda1d6664/resource/0eaf81dc-6efa-47e0-8023-cbc3f50a613f,1.0,"Feb 1, 2026"
open.canada.ca/data/en/dataset/90fed587-1364-4f33-a9ee-208181dc0b97/resource/418fb224-5ab1-4496-9331-a06387c40fb1,1.0,"Feb 1, 2026"
open.canada.ca/data/en/dataset/1915942b-6677-5a8e-8a7a-4e9743b4c88c,1.0,"Feb 1, 2026"
open.canada.ca/data/en/dataset/36a6d0aa-6718-4f04-a145-582951aefb7a/resource/0531018d-daa6-482d-9e25-cb3471703abf,1.0,"Feb 1, 2026"
open.canada.ca/data/en/dataset/670bf4ce-386d-4bc4-b7f5-7a74edcec722,1.0,"Feb 1, 2026"
ouvert.canada.ca/data/fr/dataset/f17d967a-98c0-454f-a07b-f95d4a2820f1/resource/4e95b8d9-9e8b-454f-b8e0-64b9e414a140,1.0,"Feb 1, 2026"
open.canada.ca/data/en/dataset/d1b39de7-e525-4cfa-a605-af38bf174555/resource/961ae480-173d-4b18-95bf-b0109e4c3b96,1.0,"Feb 1, 2026"
open.canada.ca/data/en/dataset/d0ec5070-683e-5dc9-b915-1e5815666adf/resource/b37e3648-2c1c-438e-83ba-a4bba7ac92d4,1.0,"Feb 1, 2026"
open.canada.ca/data/en/dataset/e5ada449-0242-47a4-ab46-181216dec8ca/resource/0628de20-30eb-479b-b955-122f1721eb66,1.0,"Feb 1, 2026"
open.canada.ca/data/en/dataset/f5cac6d2-ee6e-4a57-be61-141886a3ae3f/resource/2a1c3831-6cea-4127-ac9c-5b4b3a28517b,1.0,"Feb 1, 2026"
open.canada.ca/data/en/dataset/90115b00-f9b8-49e8-afa3-b4cff8facaee/resource/d3702eb4-5ef4-412f-86fd-219e6b8f5fdc,1.0,"Feb 1, 2026"
ouvert.canada.ca/data/fr/dataset/b6cbcf4d-f763-4924-a2fb-8cc4a06e3de4/resource/450f7e37-73e6-4ec4-a5dc-7cc28411f828,1.0,"Feb 1, 2026"
open.canada.ca/data/en/dataset/34a8484d-5a00-4e34-a235-75881141385e/resource/5eddd151-ea4d-42ee-887c-f51b0f132496,1.0,"Feb 1, 2026"
open.canada.ca/data/en/dataset/b48e67b9-e195-488b-b404-354fc11148f8/resource/89588265-df9b-47cb-9ae5-6e130cae2914,1.0,"Feb 1, 2026"
open.canada.ca/data/en/dataset/0186868b-a04d-4a0e-962e-bdfbac51bfb3/resource/08bbc162-d130-4736-94fc-677e2c24483e,1.0,"Feb 1, 2026"
open.canada.ca/data/en/dataset/7f5b2c8f-f3e8-47b2-a5b6-0f736f3613eb,1.0,"Feb 1, 2026"
open.canada.ca/data/en/dataset/c97026d6-c8c4-4937-8ec2-f18fdcd3e03d/resource/ff0a79d1-9885-461a-ae3e-7e8a5be80c6a,1.0,"Feb 1, 2026"
open.canada.ca/data/en/dataset/2e894660-cf0d-46bc-a75a-6b67712b27e1,1.0,"Feb 1, 2026"
ouvert.canada.ca/data/fr/dataset/f064a144-b4e0-4e9b-9970-e0fc2f84d1a8,1.0,"Feb 1, 2026"
open.canada.ca/data/en/dataset/4eb0d39b-6182-42d9-a2e0-96384d60d117,1.0,"Feb 1, 2026"
open.canada.ca/data/en/dataset/4282bd50-518f-490d-80f3-4f4d75af52ee/resource/728b998a-6d07-4215-a55c-aab646a27c3e,1.0,"Feb 1, 2026"
open.canada.ca/data/en/dataset/90c1a101-0321-47c5-9b81-706d3b88387d/resource/9a7d8cd6-60a4-48da-9836-04848bc22a2e,1.0,"Feb 1, 2026"
open.canada.ca/data/en/dataset/fe83a604-aa5a-4e46-903c-685f8b0cc33c,1.0,"Feb 1, 2026"
open.canada.ca/data/en/dataset/4e66dd2f-5cd0-42fd-b82c-a430044b31de,1.0,"Feb 1, 2026"
open.canada.ca/data/en/dataset/92e3ad59-c7d3-4b79-ba90-5540a67a89a7,1.0,"Feb 1, 2026"
open.canada.ca/data/en/dataset/67b44816-9764-4609-ace1-68dc1764e9ea/resource/35cb7ff1-6f9b-47be-b9b7-809a74fc78b4,1.0,"Feb 1, 2026"
open.canada.ca/data/en/dataset/9a256188-062e-44b2-ae6f-5b1bd0b05e31/resource/6d58ed88-fc07-4606-a68f-7ffd44fbeff1,1.0,"Feb 1, 2026"
open.canada.ca/data/en/dataset/98abeb62-7c76-4dfb-a134-1551f55ede55/resource/1495406e-338c-43ec-9995-ec8d8c90d17e,1.0,"Feb 1, 2026"
open.canada.ca/data/en/dataset/dd2b0390-c77a-4c9f-b1bc-cb8d9f4a23c5/resource/af43f45d-3b50-4c2b-bfec-6cfe9dd3fadc,1.0,"Feb 1, 2026"
open.canada.ca/data/en/dataset/c088f841-2d79-4c7e-9281-cc65cbae1b06,1.0,"Feb 1, 2026"
open.canada.ca/data/en/dataset/99d29ae8-03ad-4d14-accf-65e053291d8d/resource/ca597419-9648-4603-a045-cbe9bd215a5a,1.0,"Feb 1, 2026"
open.canada.ca/data/en/dataset/a702561b-a4b7-4198-8423-baeadbb2e0cf,1.0,"Feb 1, 2026"
open.canada.ca/data/en/dataset/a61976ac-d8e8-4862-851e-d105227b6525/resource/c120955d-d78f-4c6d-a826-badde48a4b79,1.0,"Feb 1, 2026"
ouvert.canada.ca/data/fr/dataset/b3e6fb57-8016-4af6-a54c-70108052c6bf,1.0,"Feb 1, 2026"
ouvert.canada.ca/data/fr/dataset/b27ec3ef-7338-4e76-a6fd-128339a92df5/resource/945045fa-2de0-47d4-aad2-144d69467824,1.0,"Feb 1, 2026"
open.canada.ca/data/en/dataset/50d4dad2-6c8a-5b29-9e27-8baa3ee19a48/resource/371d6d2b-69e1-4df5-b9ab-777feb60a341,1.0,"Feb 1, 2026"
open.canada.ca/data/en/dataset/96e248e8-f422-5d69-a085-cce12b04e11a,1.0,"Feb 1, 2026"
open.canada.ca/data/en/dataset/de1704c8-ba69-4e66-ac4b-13b966e2eedf,1.0,"Feb 1, 2026"
open.canada.ca/data/en/dataset/f2d9985b-7195-4a12-8f6c-4efc9adca8d1,1.0,"Feb 1, 2026"
open.canada.ca/data/en/dataset/45adab6d-4027-40d0-a940-f25667221671,1.0,"Feb 1, 2026"
open.canada.ca/data/en/dataset/d38de914-c94c-429b-8ab1-8776c31643e3/resource/7143f1c9-e270-4ae0-9466-7f7485250a8e,1.0,"Feb 1, 2026"
open.canada.ca/data/en/dataset/f8d74126-72ab-4303-ad91-9285a7f7772f,1.0,"Feb 1, 2026"
open.canada.ca/data/en/dataset/d9b8eca1-8893-11e0-bb22-6cf049291510/resource/5c0e8524-74ba-47fd-b5c8-639284399171,1.0,"Feb 1, 2026"
open.canada.ca/data/en/dataset/8c387c19-9411-c58c-89d3-9e222ea3f50a/resource/dfc6350b-dd00-40d5-a027-d8533fb022c1,1.0,"Feb 1, 2026"
open.canada.ca/data/en/dataset/292646cd-619f-4200-afb1-8b2c52f984a2/resource/19a1d409-c20b-4288-a401-8cdb60a02c63,1.0,"Feb 1, 2026"
open.canada.ca/data/en/dataset/98f1a129-f628-4ce4-b24d-6f16bf24dd64/resource/026e45b4-eb63-451f-b34f-d9308ea3a3d9,1.0,"Feb 1, 2026"
open.canada.ca/data/en/dataset/6a48b678-cd39-4aee-bf5c-1ce234bf4839/resource/4501291a-4aca-4422-ba95-0caf3fa5e924,1.0,"Feb 1, 2026"
open.canada.ca/data/en/dataset/ad1479e3-7859-45a2-8ec4-bb1221c4a1f4/resource/56e03676-b2cb-42a4-ac0c-1ac6e19dcbdb,1.0,"Feb 1, 2026"
open.canada.ca/data/en/dataset/dc343c43-a592-4a27-8ee7-c77df56afb34/resource/4db7bc7c-d9cc-468b-8130-e799b13c69e8,1.0,"Feb 1, 2026"
open.canada.ca/data/en/dataset/1358284b-26e7-4c69-abd8-398d3da2c270/resource/c793a709-f547-463f-aa13-7f529e30c617,1.0,"Feb 1, 2026"
open.canada.ca/data/en/dataset/768570f8-5761-498a-bd6a-315eb6cc023d/resource/c03bfb9f-0e5e-4c0f-b68f-d383bd560101,1.0,"Feb 1, 2026"
open.canada.ca/data/en/dataset/a66ffb70-2216-47c0-ab54-06880f6fa8cd,1.0,"Feb 1, 2026"
open.canada.ca/data/en/dataset/90fed587-1364-4f33-a9ee-208181dc0b97/resource/7c428f2a-c0af-4ef4-a262-20c5b70f343f,1.0,"Feb 1, 2026"
open.canada.ca/data/en/dataset/2ebb35d8-c82f-4a17-9c96-612ac3532d55/resource/42215de9-c8ed-4597-a74b-a53f6f3c1a57,1.0,"Feb 1, 2026"
open.canada.ca/data/en/dataset/c9a97191-8893-11e0-bb3f-6cf049291510,1.0,"Feb 1, 2026"
open.canada.ca/data/en/dataset/261c32ab-4cfd-4f81-9dea-7b64065690dc/resource/0f4bcd22-f5d0-4b26-bbb4-f1a5b1af9b09,1.0,"Feb 1, 2026"
open.canada.ca/data/en/dataset/6a48b678-cd39-4aee-bf5c-1ce234bf4839/resource/3d270d83-a7f8-497c-8d18-2cfa326146ba,1.0,"Feb 1, 2026"
open.canada.ca/data/en/dataset/05b3abd0-e70f-4b3b-a9c5-acc436bd15b6/resource/19375510-2919-480c-8f8c-e8721d285b72,1.0,"Feb 1, 2026"
ouvert.canada.ca/data/fr/dataset/98f1a129-f628-4ce4-b24d-6f16bf24dd64/resource/026e45b4-eb63-451f-b34f-d9308ea3a3d9,1.0,"Feb 1, 2026"
open.canada.ca/data/en/dataset/14ae0ed8-c55d-4c8f-88e4-6cce3ade168e/resource/1c2a0b5b-54de-48ca-8b8f-f0ebc40e0396,1.0,"Feb 1, 2026"
open.canada.ca/data/en/dataset/23d1859c-59d5-4f09-af07-33404076023e/resource/f4e4536f-96e0-48ec-913e-df7335cd7d0a,1.0,"Feb 1, 2026"
open.canada.ca/data/en/dataset/39194018-abf3-45fd-9310-2acac0f64fa2,1.0,"Feb 1, 2026"
open.canada.ca/data/en/dataset/1b24b6de-a876-4e3c-80af-762e06def6ed/resource/1878554c-98b9-4ece-800d-0c3515d41f74,1.0,"Feb 1, 2026"
open.canada.ca/data/en/dataset/55d5eb69-f866-5be9-89c1-736e92df425e/resource/f020da41-2223-4550-a7d4-e93993699471,1.0,"Feb 1, 2026"
open.canada.ca/data/en/dataset/13564ca4-e330-40a5-9521-bfb1be767147/resource/4c34e147-fabe-48b4-943f-2d80813f1b5d,1.0,"Feb 1, 2026"
open.canada.ca/data/en/dataset/e711d887-84e6-401d-9bc3-5ecdb09923d7/resource/33adb143-3cfb-42e0-a3b5-524a711d657b,1.0,"Feb 1, 2026"
open.canada.ca/data/en/dataset/bdd7282b-85b9-1667-9091-7861da409065,1.0,"Feb 1, 2026"
ouvert.canada.ca/data/fr/dataset/2916fad5-ebcc-4c86-b0f3-4f619b29f412/resource/02a92b0f-b26d-4fbd-9601-d27651703715,1.0,"Feb 1, 2026"
open.canada.ca/data/en/dataset/39a58c58-aafd-40dc-97d7-9e4cb907b4c6,1.0,"Feb 1, 2026"
open.canada.ca/data/en/dataset/07b63e0e-09bb-4c4f-b057-63a58d40553a/resource/9d1b5643-4064-432f-8137-87878522a6bb,1.0,"Feb 1, 2026"
open.canada.ca/data/en/dataset/8ef1e0ce-ad93-501f-85e4-8c342ad1908e,1.0,"Feb 1, 2026"
open.canada.ca/data/en/dataset/ceb1ab5a-7d7c-4491-a2f7-560c47c4e22f/resource/d02053b1-0f36-4561-9984-477297b1ef10,1.0,"Feb 1, 2026"
open.canada.ca/data/en/dataset/74530b55-5140-4a8e-a397-0f0da13e39f5,1.0,"Feb 1, 2026"
open.canada.ca/data/en/dataset/eeb0fd5a-36d6-41f2-be3d-568e03cbdd75/resource/2500d7d3-cbf3-491a-8b89-d40fcc94ace2,1.0,"Feb 1, 2026"
open.canada.ca/data/en/dataset/c27e7ce3-e80c-4446-8525-85748d6f238e/resource/f0babc76-c1b2-48d5-8d9e-b541e47f97f3,1.0,"Feb 1, 2026"
open.canada.ca/data/en/dataset/82281ece-69a6-11ed-be4e-1860247f53e3/resource/612136f0-eb5f-470f-b03d-a28ddf54ac40,1.0,"Feb 1, 2026"
search.open.canada.ca/datastrategy/download/4b267fd0-4c24-4ca0-a743-9d2ef4681431,1.0,"Feb 1, 2026"
ouvert.canada.ca/data/dataset/80017dc7-5c64-4b9a-9d33-7cb1e8c67637/resource/b2fbae8a-effa-498b-89d8-0fd1bf4deaa5,1.0,"Feb 1, 2026"
open.canada.ca/data/en/dataset/aa8a85f7-ed42-4c1e-b78d-bb814163c1d3,1.0,"Feb 1, 2026"
open.canada.ca/data/en/dataset/8eb3dc2c-b5a4-48f8-9938-bdd463856794/resource/17b7d825-51ac-4000-a278-bfc575382cd9,1.0,"Feb 1, 2026"
open.canada.ca/data/en/dataset/17946cf3-18ad-45be-bb93-600200c8b62f/resource/e13b6d9c-ec29-40d0-9a9f-dc89c5e6aeff,1.0,"Feb 1, 2026"
open.canada.ca/data/en/dataset/360024f2-17e9-4558-bfc1-3616485d65b9/resource/d5779439-e0fb-4e6f-82d0-c6070f654bec,1.0,"Feb 1, 2026"
open.canada.ca/data/en/dataset/79390d1f-96c4-4bce-ab92-fd9115cda5e0/resource/283a1346-d5f9-4863-b302-4723731b235b,1.0,"Feb 1, 2026"
open.canada.ca/data/en/dataset/5015a2f0-babd-708e-3ab3-96bd2d366af7/resource/b3c22b04-11e6-45ac-ae64-aac26c376e76,1.0,"Feb 1, 2026"
open.canada.ca/data/en/dataset/dc639a40-8893-11e0-96ca-6cf049291510/resource/0013a1a8-9497-4673-a715-691b7fc7091e,1.0,"Feb 1, 2026"
ouvert.canada.ca/data/fr/dataset/e6951cc4-ff29-52bf-af41-a162d52b1011/resource/3f60fdcf-5565-4fcf-8f0f-74f0d1232693,1.0,"Feb 1, 2026"
open.canada.ca/data/en/dataset/8fa88eef-a4db-40ef-b29b-f36b5aabef63,1.0,"Feb 1, 2026"
open.canada.ca/data/en/dataset/593e9165-c6ce-4f9b-b519-03d315f92cd4/resource/a7ee3178-378a-4b75-b542-027ce8ab428e,1.0,"Feb 1, 2026"
open.canada.ca/data/en/dataset/79df93d5-d310-4b39-8d6f-8faa5f3995ba,1.0,"Feb 1, 2026"
open.canada.ca/data/en/dataset/8cd81673-5b0b-4050-b4a6-aed80975158a,1.0,"Feb 1, 2026"
ouvert.canada.ca/data/fr/dataset/777a8cfc-9d97-4959-b89a-37c07f11dd5c/resource/ba61c689-0beb-4e90-99b0-ce6ed3cf1499,1.0,"Feb 1, 2026"
open.canada.ca/data/en/dataset/b48e67b9-e195-488b-b404-354fc11148f8,1.0,"Feb 1, 2026"
open.canada.ca/data/en/dataset/cd0fd5c3-f449-01c4-3371-c4c76158af23,1.0,"Feb 1, 2026"
open.canada.ca/data/en/dataset/1427d389-cd21-4fe2-8ed9-282d9bdcb7e2/resource/18dc02af-9788-4e80-8624-ad0a75f6dc7c,1.0,"Feb 1, 2026"
open.canada.ca/data/en/dataset/1d946396-cf9a-4fa1-8942-4541063bfba4,1.0,"Feb 1, 2026"
open.canada.ca/data/en/dataset/29d4fb07-c9bf-4324-abec-d4241958cbc4/resource/4db679c6-cec1-447b-9cc5-f3c95e5c3db9,1.0,"Feb 1, 2026"
open.canada.ca/data/en/dataset/4edcd678-6f24-4064-970b-b7254fc6671e/resource/c645f49f-bbc3-4d25-9bac-bf827b96c2b0,1.0,"Feb 1, 2026"
open.canada.ca/data/en/dataset/288b6dc4-16dc-43cc-80a4-2a45b1f93383/resource/60fe9baf-dceb-3bba-852c-2f4cb2d96d33,1.0,"Feb 1, 2026"
ouvert.canada.ca/data/fr/dataset/4bbda8ce-2e53-427c-b7c2-1796e3ab38a2,1.0,"Feb 1, 2026"
open.canada.ca/data/en/dataset/cb2deeb0-8893-11e0-bf75-6cf049291510/resource/d2a709f7-87c6-42fb-85b7-b537561377ea,1.0,"Feb 1, 2026"
open.canada.ca/data/en/dataset/360024f2-17e9-4558-bfc1-3616485d65b9/resource/f1a9f9bd-c313-41f8-8e35-bd9f948cc40f,1.0,"Feb 1, 2026"
open.canada.ca/data/en/dataset/cc5075b0-8893-11e0-b7df-6cf049291510,1.0,"Feb 1, 2026"
open.canada.ca/data/en/dataset/0de78037-27c3-4844-b8f1-f9b70ea16b48,1.0,"Feb 1, 2026"
open.canada.ca/data/en/dataset/f2d9985b-7195-4a12-8f6c-4efc9adca8d1/resource/cf4cd181-2335-4bc9-ac08-e301673c392f,1.0,"Feb 1, 2026"
open.canada.ca/data/en/dataset/7d607c74-e84f-4eff-8595-6dd1833675bf/resource/ed68fe13-21ae-4dcb-b11d-592c4eb45205,1.0,"Feb 1, 2026"
open.canada.ca/data/en/dataset/20b1a680-fd36-42ca-a073-2d3a0cfb68d6/resource/038c7ea2-4605-4f79-8386-ae1c12d153ca,1.0,"Feb 1, 2026"
open.canada.ca/data/en/dataset/c619eacf-e938-459f-b779-5fd1057c1602,1.0,"Feb 1, 2026"
ouvert.canada.ca/data/fr/dataset/adad580f-76b0-4502-bd05-20c125de9116/resource/9da94d63-b178-4a64-aeb3-b6a3bd721ad2,1.0,"Feb 1, 2026"
open.canada.ca/data/en/dataset/3527e0b8-f1d3-4b04-9301-ff4361f41c07/resource/6df6b330-89cf-4460-be26-1cfde4149359,1.0,"Feb 1, 2026"
open.canada.ca/data/en/dataset/39a58c58-aafd-40dc-97d7-9e4cb907b4c6/resource/7902f9df-ad7e-4b29-bde3-300db4fe61c0,1.0,"Feb 1, 2026"
open.canada.ca/data/en/dataset/7e388083-6b66-5e0e-a264-a3c0eb98a2f0/resource/0f7c3360-358c-444c-8076-c288e0c13e9e,1.0,"Feb 1, 2026"
open.canada.ca/data/en/dataset/d26fad0f-2eae-44d5-88a0-2bc699fd2592,1.0,"Feb 1, 2026"
open.canada.ca/data/en/dataset/daedaf21-053b-4af0-88cb-d227f2740a06,1.0,"Feb 1, 2026"
open.canada.ca/data/en/dataset/360024f2-17e9-4558-bfc1-3616485d65b9/resource/a2b01e56-b250-45b1-9412-caab8191aa36,1.0,"Feb 1, 2026"
search.open.canada.ca/grants/download/65327548-d8ae-44a6-ba9d-8cbdd73939df,1.0,"Feb 1, 2026"
open.canada.ca/data/en/dataset/40544b3a-4821-55cf-95c5-ff056f1ade05,1.0,"Feb 1, 2026"
open.canada.ca/data/en/dataset/e75562a3-3dea-471b-b143-a8b918a49a2c/resource/d70b4ba9-b590-4ee9-b5c6-a26aad1a1730,1.0,"Feb 1, 2026"
open.canada.ca/data/en/dataset/432527ab-7aac-45b5-81d6-7597107a7013/resource/1d15a62f-5656-49ad-8c88-f40ce689d831,1.0,"Feb 1, 2026"
open.canada.ca/data/en/dataset/96b9e0dd-7ae8-4d68-87c3-be3a5bc7a2c0,1.0,"Feb 1, 2026"
open.canada.ca/data/en/dataset/5dfd2bd0-8481-4f1c-8ec5-045252c1aa30/resource/396468c5-44ce-403c-8621-3400f0255655,1.0,"Feb 1, 2026"
open.canada.ca/data/en/dataset/08bafb80-cc0b-4ee3-903a-6558b3f8b298,1.0,"Feb 1, 2026"
open.canada.ca/data/en/dataset/36372345-1084-4727-9513-14c7be887c68/resource/2a7d734e-15f5-46cd-b0f0-5c4e2f88ab95,1.0,"Feb 1, 2026"
open.canada.ca/data/en/dataset/f5cac6d2-ee6e-4a57-be61-141886a3ae3f/resource/bbef4d88-d6d7-4a21-b592-61d825dd1f08,1.0,"Feb 1, 2026"
open.canada.ca/data/en/dataset/8c387c19-9411-c58c-89d3-9e222ea3f50a/resource/c296c336-92e5-44a0-b8f1-081af09bd6b7,1.0,"Feb 1, 2026"
open.canada.ca/data/en/dataset/dcfd4a3e-22bd-1e6d-9b1c-7e5979a4646e/resource/a65dd33d-4495-4693-9ce5-d849911306db,1.0,"Feb 1, 2026"
open.canada.ca/data/en/dataset/3ff1e1de-d665-4398-a12a-e8ce55f887ac/resource/bf98e5f8-f548-454e-89d5-2ccd45bf1b66,1.0,"Feb 1, 2026"
ouvert.canada.ca/data/dataset/90fed587-1364-4f33-a9ee-208181dc0b97/resource/65794992-cce4-4103-a1f6-ec6e3d249e90,1.0,"Feb 1, 2026"
ouvert.canada.ca/data/fr/info/06d31e10-a2a8-4d53-9ff3-567714a0a9f3/resource/dfc8c0b8-671a-4b41-8fe7-6bc8ea59e0be,1.0,"Feb 1, 2026"
open.canada.ca/data/en/dataset/21f39629-88f1-4cc4-bbef-cb34276d0685/resource/8c2c7171-c7fe-42ac-8b10-ddc36c0bcf2b,1.0,"Feb 1, 2026"
open.canada.ca/data/en/dataset/390ee890-59bb-4f34-a37c-9732781ef8a0/resource/2ddfbfd4-8347-467d-b6d5-797c5421f4fb,1.0,"Feb 1, 2026"
ouvert.canada.ca/data/fr/dataset/b27ec3ef-7338-4e76-a6fd-128339a92df5,1.0,"Feb 1, 2026"
open.canada.ca/data/en/dataset/2423c7e6-86b9-4845-98ea-98c2e18109cd/resource/5e6312d8-c542-4e7f-a903-0d7b2cd54225,1.0,"Feb 1, 2026"
open.canada.ca/data/en/dataset/a0bd9999-600e-48ad-a186-310dfe135b28/resource/371681b4-1835-4e1e-8dd4-11c97d465835,1.0,"Feb 1, 2026"
ouvert.canada.ca/data/fr/dataset/6e47f705-71ed-41f0-8fd5-d1a8508a3b63,1.0,"Feb 1, 2026"
open.canada.ca/data/en/dataset/9e63fd96-65d0-4e5e-817f-c400280cb319/resource/d097c4ed-15dc-4af9-8223-6a3102caad39,1.0,"Feb 1, 2026"
ouvert.canada.ca/data/fr/dataset/f7e5498e-0ad8-4417-85c9-9b8aff9b9eda/resource/d1c1f4f3-2d7f-4e02-9a79-7af98209c2f3,1.0,"Feb 1, 2026"
open.canada.ca/data/en/dataset/360024f2-17e9-4558-bfc1-3616485d65b9/resource/f2696d77-a292-454c-a3aa-89bb4e95dd75,1.0,"Feb 1, 2026"
ouvert.canada.ca/data/dataset/957782bf-847c-4644-a757-e383c0057995/resource/a74a0cb3-77ec-4049-9ab5-fad48680b62d,1.0,"Feb 1, 2026"
search.open.canada.ca/datastrategy/download/8625d9d8-e3f1-4432-abc1-e8f89159b4c6,1.0,"Feb 1, 2026"
open.canada.ca/data/en/dataset/d23b2e02-085d-43e5-9e6e-e1d558ebfdd5/resource/41a51660-a43e-4c7b-8b91-cdc40c71b0ed,1.0,"Feb 1, 2026"
open.canada.ca/data/en/dataset/4d339626-98f9-49fe-aede-d64f03fa914f/resource/2b5cea0b-9ff2-4594-8c81-66d1d6446982,1.0,"Feb 1, 2026"
open.canada.ca/data/en/dataset/ce864400-7577-5c81-86bb-4e0fb42bac24/resource/9cc61a32-2e33-4a88-89fb-dab89c80216f,1.0,"Feb 1, 2026"
open.canada.ca/data/en/dataset/a3992ca5-33e3-4509-be44-ce042c4b79aa/resource/6f1c1178-6695-416c-aec6-77a366a90999,1.0,"Feb 1, 2026"
ouvert.canada.ca/data/dataset/3da5cab1-36e0-4df8-b017-6b11c10e4dc6/resource/414c1813-011d-4271-b49f-d23460ebd5c7,1.0,"Feb 1, 2026"
open.canada.ca/data/en/dataset/b6cbcf4d-f763-4924-a2fb-8cc4a06e3de4/resource/450f7e37-73e6-4ec4-a5dc-7cc28411f828,1.0,"Feb 1, 2026"
open.canada.ca/data/en/dataset/1feee3b5-8068-4dbb-b361-180875837593/resource/44bf3932-697a-47a0-9c90-8a5cb256b000,1.0,"Feb 1, 2026"
ouvert.canada.ca/data/fr/dataset/061c8cb7-ca4e-45be-a990-61fce7e7d2dc,1.0,"Feb 1, 2026"
open.canada.ca/data/en/dataset/3c1e9b1a-b025-763d-6226-3b0f11d277ed,1.0,"Feb 1, 2026"
open.canada.ca/data/en/dataset/360024f2-17e9-4558-bfc1-3616485d65b9/resource/520ac8e1-5205-4b67-b550-d2ff322cd8bc,1.0,"Feb 1, 2026"
open.canada.ca/data/en/dataset/0a8c5505-ecb3-4d8b-8120-462bd7def6bb/resource/3f6c5b08-52a1-3fb3-83c4-7d04322920b0,1.0,"Feb 1, 2026"
open.canada.ca/data/en/dataset/f82f66f2-a22b-4511-bccf-e1d74db39ae5/resource/dce97de0-120f-4f85-bfc7-e0bd95a85433,1.0,"Feb 1, 2026"
open.canada.ca/data/en/dataset/4e7bad54-07ba-5a95-8d6e-06dda1ae0644/resource/0485f4d7-0735-4fa5-b70a-4f717cd638f1,1.0,"Feb 1, 2026"
ouvert.canada.ca/data/fr/dataset/29e10789-68e2-57cd-88e0-652e6b3bfe28/resource/2fac807a-20b2-436e-b92d-fd998a201fe7,1.0,"Feb 1, 2026"
open.canada.ca/data/en/dataset/e8a3fc19-6016-4c90-a5c0-eb35233d708e/resource/03f1a08c-085b-4749-850e-e73a67336e6f,1.0,"Feb 1, 2026"
open.canada.ca/data/en/dataset/f3d41ca4-f7c3-61c7-b281-7fe5899cb723,1.0,"Feb 1, 2026"
open.canada.ca/data/en/dataset/5e3ee2dc-dca6-4a3a-8714-b7fb3605c890/resource/d27cfe76-8398-45b9-a487-1d6cab067cad,1.0,"Feb 1, 2026"
open.canada.ca/data/en/dataset/44fe9b0d-d730-43cf-ba7e-d952d55f88f2,1.0,"Feb 1, 2026"
open.canada.ca/data/en/dataset/1b026aab-edb3-4d5d-8231-270a09ed4e82/resource/ed0a3a5b-f320-44fe-94d9-cc73b7cb0248,1.0,"Feb 1, 2026"
open.canada.ca/data/en/dataset/4eee1558-45b7-4484-9336-e692897d393f/resource/7cf11430-a6fa-40a2-8e4e-79c1e24537ac,1.0,"Feb 1, 2026"
open.canada.ca/data/en/dataset/8f42962f-8702-54de-8922-80c65d525f8b/resource/e8745af0-fefe-4e9b-b114-44a7873af570,1.0,"Feb 1, 2026"
open.canada.ca/data/en/dataset/dd17d211-5038-479a-8f23-dafcb26c829b/resource/17cd06d0-7a46-49e8-8404-99ac4a93868d,1.0,"Feb 1, 2026"
open.canada.ca/data/en/dataset/12131264-d922-40f5-188e-495225eeaa61/resource/a003b980-d2d6-423a-acd1-aeedbcd68e0f,1.0,"Feb 1, 2026"
open.canada.ca/data/en/dataset/67c492bc-6bb2-4e0d-957f-17360312f6a7/resource/3cd9e11b-a354-4cc2-9259-d5922864f588,1.0,"Feb 1, 2026"
open.canada.ca/data/en/dataset/90115b00-f9b8-49e8-afa3-b4cff8facaee/resource/42d9bff3-b24d-48b4-9462-bc8a8da0b9f0,1.0,"Feb 1, 2026"
open.canada.ca/data/en/dataset/ca18d530-8893-11e0-9772-6cf049291510/resource/257571a7-26f9-42fa-90f3-131e2b5803e1,1.0,"Feb 1, 2026"
open.canada.ca/data/en/dataset/65658050-7a80-4da3-9a09-da137c203a34,1.0,"Feb 1, 2026"
open.canada.ca/data/en/dataset/736fa9b2-62e4-4e31-aea4-51869605b363,1.0,"Feb 1, 2026"
open.canada.ca/data/en/dataset/508edfe7-0cba-4d76-afe8-d19e42e9df8a,1.0,"Feb 1, 2026"
open.canada.ca/data/en/dataset/913c3bff-ac40-410e-bd00-e9e87a48ca4d,1.0,"Feb 1, 2026"
open.canada.ca/data/en/dataset/b6567c5c-8339-4055-99fa-63f92114d9e4/resource/8776af8a-9fd8-4a01-a2e0-59c60ddbaa7e,1.0,"Feb 1, 2026"
open.canada.ca/data/en/dataset/0968ddc5-710e-4388-b379-184764df6f4c/resource/2f43ac51-33f0-44f9-80fe-32aef22c3c43,1.0,"Feb 1, 2026"
open.canada.ca/data/en/dataset/4444b25a-cd38-46b8-bfb8-15e5d28ba4e7/resource/001f8a55-5b9b-44c3-a4ff-e9600f1f047b,1.0,"Feb 1, 2026"
open.canada.ca/data/en/dataset/d23b2e02-085d-43e5-9e6e-e1d558ebfdd5,1.0,"Feb 1, 2026"
open.canada.ca/data/en/dataset/89fdaea0-2c28-5d35-b8e6-e7cf811f96d6/resource/5a3eda44-7a7f-4fb3-ae99-4a7faffc68e8,1.0,"Feb 1, 2026"
open.canada.ca/data/en/dataset/c62c6726-2097-4beb-a579-6643db8ccfcc/resource/863a048f-8110-454a-b4b5-b66bb352ac2d,1.0,"Feb 1, 2026"
open.canada.ca/data/en/dataset/8c58cb40-4114-5cc5-b93c-5b4dee4e2687,1.0,"Feb 1, 2026"
search.open.canada.ca/grants/download/c5e9bdcd-b757-4344-b512-cc46661871c3,1.0,"Feb 1, 2026"
ouvert.canada.ca/data/fr/dataset/b0d6830e-528e-4b68-9761-0ec5af238b2e/resource/deb06556-7ee3-4b67-ad3b-31439961873d,1.0,"Feb 1, 2026"
open.canada.ca/data/en/dataset/9671bee4-4f73-48a0-a4c1-5d23dd0e901a,1.0,"Feb 1, 2026"
open.canada.ca/data/en/dataset/65e2d45e-efc6-4c29-9a9b-db59bc96aa0e/resource/c2c1795b-4501-49ba-9dd1-5b8360cc3b2e,1.0,"Feb 1, 2026"
ouvert.canada.ca/data/fr/dataset/1b9ef470-5575-5986-a3e6-c18f49402e99,1.0,"Feb 1, 2026"
open.canada.ca/data/en/dataset/5136aa98-e483-4d46-81d8-bb4346d91a5e/resource/2a3664be-cdaf-4f1a-8bb9-d820677caf89,1.0,"Feb 1, 2026"
open.canada.ca/data/en/dataset/d1b39de7-e525-4cfa-a605-af38bf174555/resource/1b77b4ff-181f-486f-ae08-77180ac59f49,1.0,"Feb 1, 2026"
open.canada.ca/data/en/dataset/e547539b-7fc6-4879-be54-3d1f80ac9e9e/resource/b47a541b-2e8a-46e1-9586-4e4b0496eaa7,1.0,"Feb 1, 2026"
ouvert.canada.ca/data/fr/dataset/68d454f8-36bd-522f-8328-707beddeb42b/resource/a4222d83-3a81-42ac-9798-922d18ed95de,1.0,"Feb 1, 2026"
open.canada.ca/data/en/dataset/90fed587-1364-4f33-a9ee-208181dc0b97/resource/68a48c73-39a1-4049-a7ae-044f9c6c87b3,1.0,"Feb 1, 2026"
open.canada.ca/data/en/dataset/b4a417f7-5040-4328-9863-bb8bbb8568c3,1.0,"Feb 1, 2026"
open.canada.ca/data/en/dataset/e8745429-21e7-4a73-b3f5-90a779b78d1e/resource/95cc4b25-42a4-493d-9695-3b8cec09c337,1.0,"Feb 1, 2026"
open.canada.ca/data/en/dataset/79fdad93-9025-49ad-ba16-c26d718cc070,1.0,"Feb 1, 2026"
open.canada.ca/data/en/dataset/22090865-f8a6-4b83-9bad-e9d61f26a821,1.0,"Feb 1, 2026"
open.canada.ca/data/en/dataset/4c8566db-bf93-2bc9-13af-56c0a564761b/resource/cd8c1461-4720-4dbc-9e3d-bef9a264445b,1.0,"Feb 1, 2026"
open.canada.ca/data/en/dataset/fcbc0200-79ba-4fa4-94a6-00e32facea6b/resource/369f6f34-148a-42ed-b581-8c164e941a89,1.0,"Feb 1, 2026"
open.canada.ca/data/en/dataset/cd8fad92-b276-4250-972f-2d6c40ca04fa/resource/4cb827a6-a313-4d97-a66b-26fe23984931,1.0,"Feb 1, 2026"
open.canada.ca/data/en/dataset/28b4472f-3aef-51dc-bdd4-e830a34a59ee/resource/48e45aa5-85d0-4b22-a741-8d22db09a094,1.0,"Feb 1, 2026"
open.canada.ca/data/en/dataset/5f0e0a20-817f-4dd9-aa56-ad20965c6133,1.0,"Feb 1, 2026"
open.canada.ca/data/en/dataset/1f15ca45-8bfd-4f9c-9ec6-2c0c440e69c2/resource/ac40f464-dba0-454c-9448-3fc66b88d68e,1.0,"Feb 1, 2026"
search.open.canada.ca/travelq/download/5f1f65fd-887d-4ed3-9e6a-317cb502ffe1,1.0,"Feb 1, 2026"
ouvert.canada.ca/data/fr/dataset/4cc14294-b40d-40f2-bb27-201e40e1ded4,1.0,"Feb 1, 2026"
open.canada.ca/data/en/dataset/6cba99b1-ea2c-4f8a-b954-3843ecd3a7f0/resource/9f4dea84-e7ca-47ae-8b14-0fe2becfe6db,1.0,"Feb 1, 2026"
open.canada.ca/data/en/dataset/21386094-5679-4ee4-a0a9-582fbc4f1b08/resource/e23ac705-ffbc-4285-834e-226fd93a8409,1.0,"Feb 1, 2026"
ouvert.canada.ca/data/fr/dataset/a883eb14-0c0e-45c4-b8c4-b54c4a819edb/resource/1b0a85fc-272b-49c7-b165-b2ba380c48fe,1.0,"Feb 1, 2026"
open.canada.ca/data/en/dataset/47bd4f2e-1c77-49f8-8406-dc4dca64ee6b,1.0,"Feb 1, 2026"
open.canada.ca/data/en/dataset/7fbb2662-391a-4df7-99b4-3343fa68fc93/resource/a2eab780-658f-3c33-ad52-d4abee692f87,1.0,"Feb 1, 2026"
open.canada.ca/data/en/dataset/90fed587-1364-4f33-a9ee-208181dc0b97/resource/b1f2116f-af62-4ead-80e6-e5a455c9c886,1.0,"Feb 1, 2026"
ouvert.canada.ca/data/fr/dataset/5fd5154c-8fc4-57d8-a2e4-aa383b5e503e/resource/736c38c2-ef88-411f-8200-0b60a7703a12,1.0,"Feb 1, 2026"
open.canada.ca/data/en/dataset/363300fd-6ac1-47f0-abc2-58213a66be12,1.0,"Feb 1, 2026"
open.canada.ca/data/en/dataset/1b1c2b92-b388-47d9-87d4-01aee8d3c3e4/resource/22653cdd-d1e2-4c04-9d11-61b5cdd79b4e,1.0,"Feb 1, 2026"
open.canada.ca/data/en/dataset/823ce7b5-fc0b-4948-9935-3ade45b55bbf/resource/a54d849f-e1af-4144-98a5-bcd7134d4ed3,1.0,"Feb 1, 2026"
open.canada.ca/data/en/dataset/44eee08d-af37-5aa9-b5c0-d865359b5c86,1.0,"Feb 1, 2026"
open.canada.ca/data/en/dataset/9fa1da9a-8c0f-493e-b207-0cc95889823e,1.0,"Feb 1, 2026"
open.canada.ca/data/en/dataset/1358284b-26e7-4c69-abd8-398d3da2c270,1.0,"Feb 1, 2026"
open.canada.ca/data/en/dataset/4b2b3e81-4740-42de-923f-963f551b2d64/resource/c5c4ea90-48ae-4620-9a49-23f969b6cb8d,1.0,"Feb 1, 2026"
open.canada.ca/data/en/dataset/647019fb-2a10-4b54-92a3-4ddcda1d6664/resource/c546ec2c-cb6b-405b-862e-a21a10678e54,1.0,"Feb 1, 2026"
open.canada.ca/data/en/dataset/dd548674-d011-4f81-b745-351cd930eb87,1.0,"Feb 1, 2026"
open.canada.ca/data/en/dataset/58e12a69-acec-454c-ac04-d006ff3c8c93/resource/241fe74b-c904-49f0-88b0-00a569c3a592,1.0,"Feb 1, 2026"
open.canada.ca/data/en/dataset/196e7e04-cdb4-4bdb-9c00-4b6d950762a3/resource/e9b39bb4-5f0c-4d5c-ae84-a04312b5f118,1.0,"Feb 1, 2026"
open.canada.ca/data/dataset/a9863f45-6a1a-4277-ae0f-2d9cb61d413a,1.0,"Feb 1, 2026"
open.canada.ca/data/en/dataset/a56dfef1-ad07-4b21-9ef7-24a0c553a085,1.0,"Feb 1, 2026"
open.canada.ca/data/en/dataset/30f7114d-4b3f-4201-8dc7-0d71eb769617,1.0,"Feb 1, 2026"
open.canada.ca/data/en/dataset/77381606-95c0-411a-a7cd-eba5d038c1c4/resource/ae931981-b9ac-4b5c-9b6b-2c70c1fe448f,1.0,"Feb 1, 2026"
ouvert.canada.ca/data/fr/dataset/dfa4daf1-669e-4514-82cd-982f27707ed0/resource/fc52e37f-1520-47d1-bff6-5925deb6974f,1.0,"Feb 1, 2026"
